Workbook

Sheet LeMANS inputs
B1: 9.8765333 | C1: 9.8765333 | D1: 9.8765333 | E1: 9.8765333 | F1: 9.8765333 | G1: 9.8765333 | H1: 9.8765333 | I1: 9.8765333 | J1: 9.8765333 | K1: 9.8765333 | L1: 9.8765333 | M1: 9.8765333 | N1: 9.8765333 | O1: 9.8765333 | P1: 9.8765333 | Q1: binwidth
A2: init n at size
A3: foragefish | B3: 236858.38 | C3: 68707.62 | D3: 3060.0544 | E3: 0 | F3: 0 | G3: 0 | H3: 0 | I3: 0 | J3: 0 | K3: 0 | L3: 0 | M3: 0 | N3: 0 | O3: 0 | P3: 0
A4: spinydog | B4: 0.66268858 | C4: 0.78275415 | D4: 0.6947107 | E4: 0.61053492 | F4: 0.52648703 | G4: 0.44055388 | H4: 0.35183219 | I4: 0.26060896 | J4: 0.16915631 | K4: 0.085657368 | L4: 0.014235365 | M4: 0 | N4: 0 | O4: 0 | P4: 0
A5: winterskate | B5: 1.516425 | C5: 2.3197349 | D5: 2.2095006 | E5: 2.1042627 | F5: 1.9980525 | G5: 1.8843574 | H5: 1.7559598 | I5: 1.6025068 | J5: 1.4068569 | K5: 1.1422229 | L5: 0.78245253 | M5: 0.3491771 | N5: 0 | O5: 0 | P5: 0
A6: littleskate | B6: 2.6402269 | C6: 4.7836717 | D6: 5.3512422 | E6: 6.3066725 | F6: 8.5388107 | G6: 11.161203 | H6: 0 | I6: 0 | J6: 0 | K6: 0 | L6: 0 | M6: 0 | N6: 0 | O6: 0 | P6: 0
A7: Aherring | B7: 80.697299 | C7: 85.853259 | D7: 58.989363 | E7: 30.434226 | F7: 0 | G7: 0 | H7: 0 | I7: 0 | J7: 0 | K7: 0 | L7: 0 | M7: 0 | N7: 0 | O7: 0 | P7: 0
A8: silverhake | B8: 4.4434732 | C8: 5.0468111 | D8: 3.6543024 | E8: 2.5206962 | F8: 1.6896202 | G8: 1.0732097 | H8: 0.5527011 | I8: 0 | J8: 0 | K8: 0 | L8: 0 | M8: 0 | N8: 0 | O8: 0 | P8: 0
A9: Acod | B9: 1.0007063 | C9: 1.469081 | D9: 1.1813408 | E9: 0.94423672 | F9: 0.76798 | G9: 0.63579078 | H9: 0.53201978 | I9: 0.44576677 | J9: 0.37443163 | K9: 0.30532796 | L9: 0.23426737 | M9: 0.16154443 | N9: 0.092194445 | O9: 0.033492511 | P9: 0.0056977634 | R9: max Linf determined n size classes, all other in same
A10: haddock | B10: 4.2530649 | C10: 10.51529 | D10: 10.007216 | E10: 9.5831649 | F10: 9.4794295 | G10: 9.8232772 | H10: 11.135063 | I10: 12.677525 | J10: 0 | K10: 0 | L10: 0 | M10: 0 | N10: 0 | O10: 0 | P10: 0 | R10: =148*1.001 -> 148.148 | S10: maxsize
A11: pollock | B11: 1.341509 | C11: 1.4201613 | D11: 0.99574412 | E11: 0.69141069 | F11: 0.4869821 | G11: 0.34638369 | H11: 0.24514075 | I11: 0.16826285 | J11: 0.11159746 | K11: 0.064711018 | L11: 0.028515388 | M11: 0.005226754 | N11: 0 | O11: 0 | P11: 0 | R11: 15 | S11: nsc | T11: n size classes
A12: redhake | B12: 0.077436746 | C12: 0.096534212 | D12: 0.073053778 | E12: 0.055334251 | F12: 0.042993276 | G12: 0.034149288 | H12: 0.027404153 | I12: 0.021909125 | J12: 0.017356464 | K12: 0.013081142 | L12: 0.0089773971 | M12: 0.0052041523 | N12: 0.0021926492 | O12: 0.00054752054 | P12: 0 | R12: =R10/R11 -> 9.8765333 | S12: 10 cm wide bins (approx)
A13: whitehake | B13: 2.4403647 | C13: 2.7361122 | D13: 1.975782 | E13: 1.3700458 | F13: 0.92987266 | G13: 0.61191444 | H13: 0.14007186 | I13: 0 | J13: 0 | K13: 0 | L13: 0 | M13: 0 | N13: 0 | O13: 0 | P13: 0
A14: fourspotfl | B14: 0.33930842 | C14: 0.57729026 | D14: 0.64836859 | E14: 0.77585505 | F14: 1.2172559 | G14: 0.69835689 | H14: 0 | I14: 0 | J14: 0 | K14: 0 | L14: 0 | M14: 0 | N14: 0 | O14: 0 | P14: 0
A15: summerfl | B15: 0.0018852206 | C15: 0.0039069684 | D15: 0.0038549237 | E15: 0.003832133 | F15: 0.0038114598 | G15: 0.0037756335 | H15: 0.00370799 | I15: 0.0035849627 | J15: 0.0033785349 | K15: 0.0030581133 | L15: 0.0025956259 | M15: 0.0019734295 | N15: 0.0012000765 | O15: 0.0005287084 | P15: 0
A16: yellowtailfl | B16: 3.9070123 | C16: 6.6463913 | D16: 7.4657787 | E16: 8.9445013 | F16: 14.069671 | G16: 8.087008 | H16: 0 | I16: 0 | J16: 0 | K16: 0 | L16: 0 | M16: 0 | N16: 0 | O16: 0 | P16: 0
A17: winterfl | B17: 1.9002648 | C17: 2.8288027 | D17: 3.1164227 | E17: 3.7002457 | F17: 5.300677 | G17: 0 | H17: 0 | I17: 0 | J17: 0 | K17: 0 | L17: 0 | M17: 0 | N17: 0 | O17: 0 | P17: 0
A18: witchfl | B18: 0.45072528 | C18: 0.5772862 | D18: 0.60123768 | E18: 0.95375536 | F18: 0 | G18: 0 | H18: 0 | I18: 0 | J18: 0 | K18: 0 | L18: 0 | M18: 0 | N18: 0 | O18: 0 | P18: 0
A19: windowpane | B19: 5.2640646 | C19: 6.9965953 | D19: 7.4158645 | E19: 8.8555641 | F19: 5.1889052 | G19: 0 | H19: 0 | I19: 0 | J19: 0 | K19: 0 | L19: 0 | M19: 0 | N19: 0 | O19: 0 | P19: 0
A20: Amackerel | B20: 5.678337 | C20: 7.2383546 | D20: 6.5280456 | E20: 5.8381126 | F20: 5.2898121 | G20: 0 | H20: 0 | I20: 0 | J20: 0 | K20: 0 | L20: 0 | M20: 0 | N20: 0 | O20: 0 | P20: 0
A21: longhornsculpin | B21: 6.9553931 | C21: 16.030154 | D21: 32.592999 | E21: 22.866495 | F21: 0 | G21: 0 | H21: 0 | I21: 0 | J21: 0 | K21: 0 | L21: 0 | M21: 0 | N21: 0 | O21: 0 | P21: 0
A22: searaven | B22: 0 | C22: 0.043707993 | D22: 0.049044867 | E22: 0.056932844 | F22: 0.07039137 | G22: 0.099115138 | H22: 0.39068344 | I22: 0 | J22: 0 | K22: 0 | L22: 0 | M22: 0 | N22: 0 | O22: 0 | P22: 0
A23: goosefish | B23: 0.14683387 | C23: 0.19944634 | D23: 0.18371622 | E23: 0.16863678 | F23: 0.15346564 | G23: 0.13773194 | H23: 0.12109972 | I23: 0.10330729 | J23: 0.084151179 | K23: 0.063570465 | L23: 0.042037881 | M23: 0.021529943 | N23: 0.0072207089 | O23: 0 | P23: 0
A24: sandlance | B24: 129.08035 | C24: 175.26245 | D24: 118.31115 | E24: 0 | F24: 0 | G24: 0 | H24: 0 | I24: 0 | J24: 0 | K24: 0 | L24: 0 | M24: 0 | N24: 0 | O24: 0 | P24: 0
A26: params | B26: vonB_k | C26: Linf | D26: Lmat | E26: kappamat | F26: lwt_a | G26: lwt_b | H26: maxSSB | I26: fished? | J26: inMSprod | K26: maxsize | M26: use
A27: foragefish | B27: 0.1 | C27: 20 | D27: 13 | E27: 0.587 | F27: 0.005 | G27: 3 | H27: 5000 | I27: 0 | J27: 0 | K27: =C27*1.01 -> 20.2 | M27: 0
A28: spinydog | B28: 0.1 | C28: 99.99 | D28: 79.99 | E28: 0.587 | F28: 0.003 | G28: 3.122 | H28: 16.125 | I28: 1 | J28: 1 | K28: =C28*1.01 -> 100.9899 | M28: 1
A29: winterskate | B29: 0.14405 | C29: 114.1 | D29: 85 | E29: 0.587 | F29: 0.004 | G29: 3.317 | H29: 83.96 | I29: 1 | J29: agg | K29: =C29*1.01 -> 115.241 | M29: 1
A30: littleskate | B30: 0.352 | C30: 53 | D30: 49.99 | E30: 0.587 | F30: 0.005 | G30: 3.141 | H30: 24.51 | I30: 1 | J30: agg | K30: =C30*1.01 -> 53.53 | M30: 0
A31: Aherring | B31: 0.28 | C31: 34.99 | D31: 25 | E31: 0.587 | F31: 0.01 | G31: 2.99 | H31: 101.91 | I31: 1 | J31: 1 | K31: =C31*1.01 -> 35.3399 | M31: 1
A32: silverhake | B32: 0.18 | C32: 65.4 | D32: 23 | E32: 0.587 | F32: 0.007 | G32: 3.05 | H32: 25.8 | I32: 1 | J32: 0 | K32: =C32*1.01 -> 66.054 | M32: 0
A33: Acod | B33: 0.12 | C33: 148 | D33: 39.99 | E33: 0.149 | F33: 0.009 | G33: 3.052 | H33: 71.17 | I33: 1 | J33: 1 | K33: =C33*1.01 -> 149.48 | M33: 1
A34: haddock | B34: 0.376 | C34: 73.8 | D34: 28 | E34: 0.3745 | F34: 0.01 | G34: 3.068 | H34: 250.69 | I34: 1 | J34: 1 | K34: =C34*1.01 -> 74.538 | M34: 1
A35: pollock | B35: 0.1 | C35: 111 | D35: 39.99 | E35: 0.154 | F35: 0.01 | G35: 3.028 | H35: 27.31 | I35: 1 | J35: 0 | K35: =C35*1.01 -> 112.11 | M35: 0
A36: redhake | B36: 0.106 | C36: 136 | D36: 34 | E36: 0.137 | F36: 0.006 | G36: 3.22 | H36: 3.01 | I36: 1 | J36: 0 | K36: =C36*1.01 -> 137.36 | M36: 0
A37: whitehake | B37: 0.19 | C37: 60.2 | D37: 25 | E37: 0.507 | F37: 0.005 | G37: 3.222 | H37: 10.75 | I37: 1 | J37: 0 | K37: =C37*1.01 -> 60.802 | M37: 0
A38: fourspotfl | B38: 0.335 | C38: 49.99 | D38: 25 | E38: 0.306 | F38: 0.008 | G38: 3 | H38: 2.58 | I38: 1 | J38: 0 | K38: =C38*1.01 -> 50.4899 | M38: 0
A39: summerfl | B39: 0.173 | C39: 137 | D39: 26 | E39: 0.306 | F39: 0.007 | G39: 3.278 | H39: 0.43 | I39: 1 | J39: 0 | K39: =C39*1.01 -> 138.37 | M39: 0
A40: yellowtailfl | B40: 0.335 | C40: 49.99 | D40: 23 | E40: 0.487 | F40: 0.008 | G40: 3.129 | H40: 48.16 | I40: 1 | J40: 1 | K40: =C40*1.01 -> 50.4899 | M40: 1
A41: winterfl | B41: 0.283 | C41: 45.5 | D41: 25 | E41: 0.587 | F41: 0.011 | G41: 3.138 | H41: 13.33 | I41: 1 | J41: 1 | K41: =C41*1.01 -> 45.955 | M41: 1
A42: witchfl | B42: 0.23 | C42: 39.3 | D42: 19.99 | E42: 0.392 | F42: 0.003 | G42: 3.428 | H42: 0.86 | I42: 1 | J42: 0 | K42: =C42*1.01 -> 39.693 | M42: 0
... A48: sandlance | B48: 0.5 | C48: 24 | D48: 12 | E48: 0.587 | F48: 0.003 | G48: 3.211 | H48: 83.21 | I48: 0 | J48: 0 | K48: =C48*1.01 -> 24.24 | M48: 1
A51: foodweb | B51: preds->
A52: prey | B52: foragefish | C52: spinydog | D52: winterskate | E52: littleskate | F52: Aherring | G52: silverhake | H52: Acod | I52: haddock | J52: pollock | K52: redhake | L52: whitehake | M52: fourspotfl | N52: summerfl | O52: yellowtailfl | P52: winterfl | Q52: witchfl | R52: windowpane | S52: Amackerel | T52: longhornsculpin | U52: searaven | V52: goosefish | W52: sandlance
A53: foragefish | B53: 0 | C53: 1 | D53: 1 | E53: 1 | F53: 1 | G53: 1 | H53: 1 | I53: 1 | J53: 1 | K53: 1 | L53: 1 | M53: 1 | N53: 1 | O53: 1 | P53: 1 | Q53: 1 | R53: 1 | S53: 1 | T53: 1 | U53: 1 | V53: 1 | W53: 0
A54: spinydog | B54: 0 | C54: 1 | D54: 0 | E54: 0 | F54: 0 | G54: 0 | H54: 0 | I54: 0 | J54: 0 | K54: 0 | L54: 0 | M54: 0 | N54: 0 | O54: 0 | P54: 0 | Q54: 0 | R54: 0 | S54: 0 | T54: 0 | U54: 0 | V54: 1 | W54: 0
A55: winterskate | B55: 0 | C55: 1 | D55: 0 | E55: 0 | F55: 0 | G55: 0 | H55: 0 | I55: 0 | J55: 0 | K55: 0 | L55: 0 | M55: 0 | N55: 0 | O55: 0 | P55: 0 | Q55: 0 | R55: 0 | S55: 0 | T55: 0 | U55: 0 | V55: 0 | W55: 0
A56: littleskate | B56: 0 | C56: 1 | D56: 0 | E56: 0 | F56: 0 | G56: 0 | H56: 0 | I56: 0 | J56: 0 | K56: 0 | L56: 0 | M56: 0 | N56: 0 | O56: 0 | P56: 0 | Q56: 0 | R56: 0 | S56: 0 | T56: 0 | U56: 0 | V56: 1 | W56: 0
A57: Aherring | B57: 0 | C57: 1 | D57: 1 | E57: 1 | F57: 0 | G57: 1 | H57: 1 | I57: 1 | J57: 1 | K57: 1 | L57: 1 | M57: 0 | N57: 0 | O57: 0 | P57: 0 | Q57: 0 | R57: 0 | S57: 0 | T57: 1 | U57: 1 | V57: 1 | W57: 0
A58: silverhake | B58: 0 | C58: 1 | D58: 1 | E58: 1 | F58: 0 | G58: 1 | H58: 1 | I58: 1 | J58: 0 | K58: 1 | L58: 1 | M58: 1 | N58: 1 | O58: 0 | P58: 0 | Q58: 0 | R58: 1 | S58: 0 | T58: 0 | U58: 1 | V58: 1 | W58: 0
A59: Acod | B59: 0 | C59: 1 | D59: 1 | E59: 1 | F59: 0 | G59: 0 | H59: 1 | I59: 1 | J59: 0 | K59: 0 | L59: 0 | M59: 0 | N59: 0 | O59: 0 | P59: 0 | Q59: 0 | R59: 0 | S59: 0 | T59: 0 | U59: 1 | V59: 1 | W59: 0
A60: haddock | B60: 0 | C60: 1 | D60: 1 | E60: 1 | F60: 0 | G60: 0 | H60: 0 | I60: 1 | J60: 0 | K60: 0 | L60: 0 | M60: 0 | N60: 0 | O60: 0 | P60: 0 | Q60: 0 | R60: 0 | S60: 0 | T60: 0 | U60: 1 | V60: 1 | W60: 0
A61: pollock | B61: 0 | C61: 1 | D61: 1 | E61: 1 | F61: 0 | G61: 0 | H61: 1 | I61: 1 | J61: 1 | K61: 0 | L61: 0 | M61: 0 | N61: 0 | O61: 0 | P61: 0 | Q61: 0 | R61: 0 | S61: 0 | T61: 0 | U61: 0 | V61: 1 | W61: 0
A62: redhake | B62: 0 | C62: 1 | D62: 1 | E62: 1 | F62: 0 | G62: 0 | H62: 1 | I62: 1 | J62: 0 | K62: 1 | L62: 1 | M62: 0 | N62: 1 | O62: 0 | P62: 0 | Q62: 0 | R62: 1 | S62: 0 | T62: 0 | U62: 1 | V62: 1 | W62: 0
A63: whitehake | B63: 0 | C63: 1 | D63: 1 | E63: 1 | F63: 0 | G63: 0 | H63: 1 | I63: 1 | J63: 0 | K63: 0 | L63: 1 | M63: 0 | N63: 1 | O63: 0 | P63: 0 | Q63: 0 | R63: 1 | S63: 0 | T63: 0 | U63: 1 | V63: 1 | W63: 0
A64: fourspotfl | B64: 0 | C64: 1 | D64: 0 | E64: 0 | F64: 0 | G64: 0 | H64: 0 | I64: 0 | J64: 0 | K64: 0 | L64: 0 | M64: 0 | N64: 0 | O64: 0 | P64: 0 | Q64: 0 | R64: 0 | S64: 0 | T64: 0 | U64: 0 | V64: 1 | W64: 0
... A74: sandlance | B74: 0 | C74: 1 | D74: 1 | E74: 1 | F74: 1 | G74: 1 | H74: 1 | I74: 1 | J74: 1 | K74: 1 | L74: 1 | M74: 1 | N74: 1 | O74: 1 | P74: 1 | Q74: 1 | R74: 1 | S74: 1 | T74: 1 | U74: 1 | V74: 1 | W74: 0
B77: case | C77: 1
B78: res | C78: ='Forage | D78: fish';
B79: case | C79: 2
B80: res | C80: ='Spiny | D80: dogfish';
B81: case | C81: 3
B82: res | C82: = | D82: 'Winter | E82: skate';
B83: case | C83: 4
B84: res | C84: = | D84: 'Little | E84: skate';
B85: case | C85: 5
B86: res | C86: = | D86: 'Atlantic | E86: herring';
B87: case | C87: 6
B88: res | C88: = | D88: 'Silver | E88: hake';
B89: case | C89: 7
B90: res | C90: = | D90: 'Atlantic | E90: cod';
B91: case | C91: 8
B92: res | C92: = | D92: 'Haddock';
B93: case | C93: 9
B94: res | C94: = | D94: 'Pollock';
B95: case | C95: 10
B96: res | C96: = | D96: 'White | E96: hake';
B97: case | C97: 11
B98: res | C98: = | D98: 'Red | E98: hake';
B99: case | C99: 12
B100: res | C100: = | D100: 'Fourspot | E100: flounder';
B101: case | C101: 13
B102: res | C102: = | D102: 'Summer | E102: flounder';
B103: case | C103: 14
B104: res | C104: = | D104: 'Yellowtail | E104: flounder';
B105: case | C105: 15
B106: res | C106: = | D106: 'Winter | E106: flounder';
B107: case | C107: 16
B108: res | C108: = | D108: 'Witch | E108: flounder';
B109: case | C109: 17
B110: res | C110: = | D110: 'Windowpane';
B111: case | C111: 18
B112: res | C112: = | D112: 'Atlantic | E112: mackerel';
B113: case | C113: 19
B114: res | C114: = | D114: 'Longhorn | E114: sculpin';
B115: case | C115: 20
B116: res | C116: = | D116: 'Sea | E116: raven';
B117: case | C117: 21
B118: res | C118: = | D118: 'Goosefish';
B119: case | C119: 22
...

Sheet just10_firsttry
B1: 9.8765333 | C1: 9.8765333 | D1: 9.8765333 | E1: 9.8765333 | F1: 9.8765333 | G1: 9.8765333 | H1: 9.8765333 | I1: 9.8765333 | J1: 9.8765333 | K1: 9.8765333 | L1: 9.8765333 | M1: 9.8765333 | N1: 9.8765333 | O1: 9.8765333 | P1: 9.8765333 | Q1: binwidth | R1: max Linf determined n size classes, all other in same
A2: init n at size | B2: 10 | C2: 20 | D2: 30 | E2: 40 | F2: 50 | G2: 60 | H2: 70 | I2: 80 | J2: 90 | K2: 100 | L2: 110 | M2: 120 | N2: 130 | O2: 140 | P2: 150 | Q2: use | R2: =148*1.001 -> 148.148 | S2: maxsize
A3: spinydog | B3: 0.66268858 | C3: 0.78275415 | D3: 0.6947107 | E3: 0.61053492 | F3: 0.52648703 | G3: 0.44055388 | H3: 0.35183219 | I3: 0.26060896 | J3: 0.16915631 | K3: 0.085657368 | L3: 0.014235365 | M3: 0 | N3: 0 | O3: 0 | P3: 0 | Q3: 1 | R3: 15 | S3: nsc | T3: n size classes
A4: winterskate | B4: 1.516425 | C4: 2.3197349 | D4: 2.2095006 | E4: 2.1042627 | F4: 1.9980525 | G4: 1.8843574 | H4: 1.7559598 | I4: 1.6025068 | J4: 1.4068569 | K4: 1.1422229 | L4: 0.78245253 | M4: 0.3491771 | N4: 0 | O4: 0 | P4: 0 | Q4: 1 | R4: =R2/R3 -> 9.8765333 | S4: 10 cm wide bins (approx)
A5: Aherring | B5: 80.697299 | C5: 85.853259 | D5: 58.989363 | E5: 30.434226 | F5: 0 | G5: 0 | H5: 0 | I5: 0 | J5: 0 | K5: 0 | L5: 0 | M5: 0 | N5: 0 | O5: 0 | P5: 0 | Q5: 1
A6: Acod | B6: 1.0007063 | C6: 1.469081 | D6: 1.1813408 | E6: 0.94423672 | F6: 0.76798 | G6: 0.63579078 | H6: 0.53201978 | I6: 0.44576677 | J6: 0.37443163 | K6: 0.30532796 | L6: 0.23426737 | M6: 0.16154443 | N6: 0.092194445 | O6: 0.033492511 | P6: 0.0056977634 | Q6: 1
A7: haddock | B7: 4.2530649 | C7: 10.51529 | D7: 10.007216 | E7: 9.5831649 | F7: 9.4794295 | G7: 9.8232772 | H7: 11.135063 | I7: 12.677525 | J7: 0 | K7: 0 | L7: 0 | M7: 0 | N7: 0 | O7: 0 | P7: 0 | Q7: 1
A8: yellowtailfl | B8: 3.9070123 | C8: 6.6463913 | D8: 7.4657787 | E8: 8.9445013 | F8: 14.069671 | G8: 8.087008 | H8: 0 | I8: 0 | J8: 0 | K8: 0 | L8: 0 | M8: 0 | N8: 0 | O8: 0 | P8: 0 | Q8: 1
A9: winterfl | B9: 1.9002648 | C9: 2.8288027 | D9: 3.1164227 | E9: 3.7002457 | F9: 5.300677 | G9: 0 | H9: 0 | I9: 0 | J9: 0 | K9: 0 | L9: 0 | M9: 0 | N9: 0 | O9: 0 | P9: 0 | Q9: 1
A10: Amackerel | B10: 5.678337 | C10: 7.2383546 | D10: 6.5280456 | E10: 5.8381126 | F10: 5.2898121 | G10: 0 | H10: 0 | I10: 0 | J10: 0 | K10: 0 | L10: 0 | M10: 0 | N10: 0 | O10: 0 | P10: 0 | Q10: 1
A11: searaven | B11: 0 | C11: 0.043707993 | D11: 0.049044867 | E11: 0.056932844 | F11: 0.07039137 | G11: 0.099115138 | H11: 0.39068344 | I11: 0 | J11: 0 | K11: 0 | L11: 0 | M11: 0 | N11: 0 | O11: 0 | P11: 0 | Q11: 1 | X11: a | Y11: b
A12: sandlance | B12: 129.08035 | C12: 175.26245 | D12: 118.31115 | E12: 0 | F12: 0 | G12: 0 | H12: 0 | I12: 0 | J12: 0 | K12: 0 | L12: 0 | M12: 0 | N12: 0 | O12: 0 | P12: 0 | Q12: 1 | U12: need to fit to maturity data | X12: propmat=1/(1+exp(-(mat_nu+mat_omega*lbinmidpt)))
N13: binwidth | U13: used as first approximations | X13: mat dat Obrien et al 1993 (avg male and female)
A14: params | B14: vonB_k | C14: Linf | D14: L50mat | E14: kappamat | F14: lwt_a | G14: lwt_b | H14: maxSSB | I14: fished? | J14: inMSprod | K14: maxsize | L14: maxbin | M14: use | T14: L50matbin | U14: mat_nu | V14: mat_omega | X14: mat_nu | Y14: mat_omega
A15: spinydog | B15: 0.1 | C15: 99.99 | D15: 79.99 | E15: 0.587 | F15: 0.003 | G15: 3.122 | H15: 16.125 | I15: 1 | J15: 1 | K15: =C15*1.01 -> 100.9899 | L15: =SUM(N15:R15) -> 110 | M15: 1 | N15: 20 | O15: 20 | P15: 20 | Q15: 20 | R15: 30 | T15: 4 | U15: -5 | V15: 0.1 | W15: spinydog
A16: winterskate | B16: 0.14405 | C16: 114.1 | D16: 85 | E16: 0.587 | F16: 0.004 | G16: 3.317 | H16: 83.96 | I16: 1 | J16: agg | K16: =C16*1.01 -> 115.241 | L16: =SUM(N16:R16) -> 120 | M16: 1 | N16: 20 | O16: 20 | P16: 20 | Q16: 20 | R16: 40 | T16: 5 | U16: -5 | V16: 0.1 | W16: winterskate
A17: Aherring | B17: 0.28 | C17: 34.99 | D17: 25 | E17: 0.587 | F17: 0.01 | G17: 2.99 | H17: 101.91 | I17: 1 | J17: 1 | K17: =C17*1.01 -> 35.3399 | L17: =SUM(N17:R17) -> 40 | M17: 1 | N17: 5 | O17: 5 | P17: 10 | Q17: 10 | R17: 10 | T17: 5 | U17: -5 | V17: 0.2 | W17: Aherring | X17: =AVERAGE(-28.484,-40.461) -> -34.4725 | Y17: =AVERAGE(1.123,1.597) -> 1.36
A18: Acod | B18: 0.12 | C18: 148 | D18: 39.99 | E18: 0.149 | F18: 0.009 | G18: 3.052 | H18: 71.17 | I18: 1 | J18: 1 | K18: =C18*1.01 -> 149.48 | L18: =SUM(N18:R18) -> 150 | M18: 1 | N18: 20 | O18: 20 | P18: 20 | Q18: 40 | R18: 50 | T18: 3 | U18: -5 | V18: 0.16 | W18: Acod | X18: =AVERAGE(-4.932,-5.688) -> -5.31 | Y18: =AVERAGE(0.127,0.139) -> 0.133 | Z18: GB
A19: haddock | B19: 0.376 | C19: 73.8 | D19: 28 | E19: 0.3745 | F19: 0.01 | G19: 3.068 | H19: 250.69 | I19: 1 | J19: 1 | K19: =C19*1.01 -> 74.538 | L19: =SUM(N19:R19) -> 80 | M19: 1 | N19: 10 | O19: 10 | P19: 20 | Q19: 20 | R19: 20 | T19: 3 | U19: -5 | V19: 0.13 | W19: haddock | X19: =AVERAGE(-6.252,-5.064) -> -5.658 | Y19: =AVERAGE(0.21,0.189) -> 0.1995 | Z19: GB
A20: yellowtailfl | B20: 0.335 | C20: 49.99 | D20: 23 | E20: 0.487 | F20: 0.008 | G20: 3.129 | H20: 48.16 | I20: 1 | J20: 1 | K20: =C20*1.01 -> 50.4899 | L20: =SUM(N20:R20) -> 60 | M20: 1 | N20: 10 | O20: 10 | P20: 10 | Q20: 10 | R20: 20 | T20: 3 | U20: -5 | V20: 0.2 | W20: yellowtailfl | X20: =AVERAGE(-15.136,-8.145) -> -11.6405 | Y20: =AVERAGE(0.587,0.381) -> 0.484 | Z20: GB
A21: winterfl | B21: 0.283 | C21: 45.5 | D21: 25 | E21: 0.587 | F21: 0.011 | G21: 3.138 | H21: 13.33 | I21: 1 | J21: 1 | K21: =C21*1.01 -> 45.955 | L21: =SUM(N21:R21) -> 50 | M21: 1 | N21: 10 | O21: 10 | P21: 10 | Q21: 10 | R21: 10 | T21: 3 | U21: -5 | V21: 0.2 | W21: winterfl | X21: =AVERAGE(-10.855,-7.724) -> -9.2895 | Y21: =AVERAGE(0.436,0.301) -> 0.3685 | Z21: GB
A22: Amackerel | B22: 0.243 | C22: 46.1 | D22: 29.99 | E22: 0.641 | F22: 0.007 | G22: 3.319 | H22: 23.87 | I22: 1 | J22: 1 | K22: =C22*1.01 -> 46.561 | L22: =SUM(N22:R22) -> 50 | M22: 1 | N22: 10 | O22: 10 | P22: 10 | Q22: 10 | R22: 10 | T22: 3 | U22: -5 | V22: 0.2 | W22: Amackerel | X22: =AVERAGE(-16.475,-17.102) -> -16.7885 | Y22: =AVERAGE(0.641,0.658) -> 0.6495
A23: searaven | B23: 0.72 | C23: 68 | D23: 25 | E23: 0.587 | F23: 0.019 | G23: 3.1 | H23: 3.225 | I23: 0 | J23: 0 | K23: =C23*1.01 -> 68.68 | L23: =SUM(N23:R23) -> 70 | M23: 1 | N23: 10 | O23: 10 | P23: 10 | Q23: 20 | R23: 20 | T23: 3 | U23: -5 | V23: 0.2 | W23: searaven
A24: sandlance | B24: 0.5 | C24: 24 | D24: 12 | E24: 0.587 | F24: 0.003 | G24: 3.211 | H24: 83.21 | I24: 0 | J24: 0 | K24: =C24*1.01 -> 24.24 | L24: =SUM(N24:R24) -> 30 | M24: 1 | N24: 5 | O24: 5 | P24: 5 | Q24: 5 | R24: 10 | T24: 5 | U24: -5 | V24: 0.3 | W24: sandlance
O25: for smaller bins, divide in half to approximate | X25: used these from Obrien
O26: Initial n at size (sum bins above assuming they are 10 cm)
A27: foodweb | B27: preds-> | O27: bin1 | P27: bin2 | Q27: bin3 | R27: bin4 | S27: bin5
A28: prey | B28: spinydog | C28: winterskate | D28: Aherring | E28: Acod | F28: haddock | G28: yellowtailfl | H28: winterfl | I28: Amackerel | J28: searaven | K28: sandlance | N28: spinydog | O28: =SUM(B3:C3) -> 1.4454427 | P28: =SUM(D3:E3) -> 1.3052456 | Q28: =SUM(F3:G3) -> 0.96704091 | R28: =SUM(H3:I3) -> 0.61244115 | S28: =SUM(J3:L3) -> 0.26904904
A29: spinydog | B29: 1 | C29: 0 | D29: 0 | E29: 0 | F29: 0 | G29: 0 | H29: 0 | I29: 0 | J29: 0 | K29: 0 | N29: winterskate | O29: =SUM(B4:C4) -> 3.8361599 | P29: =SUM(D4:E4) -> 4.3137633 | Q29: =SUM(F4:G4) -> 3.8824099 | R29: =SUM(H4:I4) -> 3.3584666 | S29: =SUM(J4:M4) -> 3.6807094
A30: winterskate | B30: 1 | C30: 0 | D30: 0 | E30: 0 | F30: 0 | G30: 0 | H30: 0 | I30: 0 | J30: 0 | K30: 0 | N30: Aherring | O30: =B5/2 -> 40.34865 | P30: =B5/2 -> 40.34865 | Q30: =C5 -> 85.853259 | R30: =D5 -> 58.989363 | S30: =E5 -> 30.434226
A31: Aherring | B31: 1 | C31: 1 | D31: 0 | E31: 1 | F31: 1 | G31: 0 | H31: 0 | I31: 0 | J31: 1 | K31: 0 | N31: Acod | O31: =B6+C6 -> 2.4697873 | P31: =D6+E6 -> 2.1255775 | Q31: =SUM(F6:G6) -> 1.4037708 | R31: =SUM(H6:K6) -> 1.6575461 | S31: =SUM(L6:P6) -> 0.52719652
A32: Acod | B32: 1 | C32: 1 | D32: 0 | E32: 1 | F32: 1 | G32: 0 | H32: 0 | I32: 0 | J32: 1 | K32: 0 | N32: haddock | O32: =B7 -> 4.2530649 | P32: =C7 -> 10.51529 | Q32: =SUM(D7:E7) -> 19.590381 | R32: =SUM(F7:G7) -> 19.302707 | S32: =SUM(H7:I7) -> 23.812588
A33: haddock | B33: 1 | C33: 1 | D33: 0 | E33: 0 | F33: 1 | G33: 0 | H33: 0 | I33: 0 | J33: 1 | K33: 0 | N33: yellowtailfl | O33: =B8 -> 3.9070123 | P33: =C8 -> 6.6463913 | Q33: =D8 -> 7.4657787 | R33: =E8 -> 8.9445013 | S33: =SUM(F8:G8) -> 22.156679
A34: yellowtailfl | B34: 1 | C34: 0 | D34: 0 | E34: 0 | F34: 0 | G34: 0 | H34: 0 | I34: 0 | J34: 0 | K34: 0 | N34: winterfl | O34: =B9 -> 1.9002648 | P34: =C9 -> 2.8288027 | Q34: =D9 -> 3.1164227 | R34: =E9 -> 3.7002457 | S34: =F9 -> 5.300677
A35: winterfl | B35: 1 | C35: 0 | D35: 0 | E35: 0 | F35: 0 | G35: 0 | H35: 0 | I35: 0 | J35: 0 | K35: 0 | N35: Amackerel | O35: =B10 -> 5.678337 | P35: =C10 -> 7.2383546 | Q35: =D10 -> 6.5280456 | R35: =E10 -> 5.8381126 | S35: =F10 -> 5.2898121
A36: Amackerel | B36: 1 | C36: 1 | D36: 0 | E36: 1 | F36: 0 | G36: 0 | H36: 0 | I36: 0 | J36: 0 | K36: 0 | N36: searaven | O36: 0.001 | P36: =C11 -> 0.043707993 | Q36: =D11 -> 0.049044867 | R36: =SUM(E11:F11) -> 0.12732421 | S36: =SUM(G11:H11) -> 0.48979858 | T36: changed sea raven bin 1 to be non zero
A37: searaven | B37: 0 | C37: 1 | D37: 0 | E37: 0 | F37: 0 | G37: 0 | H37: 0 | I37: 0 | J37: 0 | K37: 0 | N37: sandlance | O37: =B12/2 -> 64.540175 | P37: 64.540175 | Q37: =C12/2 -> 87.631225 | R37: 87.631225 | S37: =D12 -> 118.31115
A38: sandlance | B38: 1 | C38: 1 | D38: 1 | E38: 1 | F38: 1 | G38: 1 | H38: 1 | I38: 1 | J38: 1 | K38: 0
N39: N_mult | O39: 3046527 | P39: convert catch per tow to total N (from Jason's data) used in LeMANS
B40: fecundity=theta*(d*lbinmidpt^h)
A41: fecundity | B41: d | C41: h | D41: theta | N41: yr1N | O41: bin1 | P41: bin2 | Q41: bin3 | R41: bin4 | S41: bin5
A42: spinydog | B42: 0.5 | C42: 0.5 | D42: 0 | E42: 0 | F42: 0 | G42: 1 | H42: 3 | I42: (2-15 pups/yr) | N42: spinydog | O42: =O28*$O$39 -> 4403580.3 | P42: =P28*$O$39 -> 3976466 | Q42: =Q28*$O$39 -> 2946116.2 | R42: =R28*$O$39 -> 1865818.5 | S42: =S28*$O$39 -> 819665.17
A43: winterskate | B43: 12 | C43: 0.005 | D43: 0 | E43: 0 | F43: 0 | G43: 2 | H43: 3 | I43: 21-35 eggs/yr average, Frisk et al 2002 | N43: winterskate | O43: =O29*$O$39 -> 11686965 | P43: =P29*$O$39 -> 13141996 | Q43: =Q29*$O$39 -> 11827867 | R43: =R29*$O$39 -> 10231659 | S43: =S29*$O$39 -> 11213381
A44: Aherring | B44: 0.00316 | C44: 5 | D44: 0 | E44: 0 | F44: 0 | G44: 1 | H44: 1 | I44: range 30-160K eggs, Kelly and Stevenson 1985 | N44: Aherring | O44: =O30*$O$39 -> 1.2292325e+08 | P44: =P30*$O$39 -> 1.2292325e+08 | Q44: =Q30*$O$39 -> 2.6155427e+08 | R44: =R30*$O$39 -> 1.7971269e+08 | S44: =S30*$O$39 -> 92718691
A45: Acod | B45: 0.43326 | C45: 4.027 | D45: 0 | E45: 0.5 | F45: 1 | G45: 1.2 | H45: 1.4 | I45: d,h from Alonzo-Fernandes et al 2009 | N45: Acod | O45: =O31*$O$39 -> 7524273.7 | P45: =P31*$O$39 -> 6475629.3 | Q45: =Q31*$O$39 -> 4276625.6 | R45: =R31*$O$39 -> 5049759.1 | S45: =S31*$O$39 -> 1606118.4
A46: haddock | B46: 0.1403 | C46: 3.587 | D46: 0 | E46: 0.5 | F46: 1 | G46: 1.2 | H46: 1.4 | I46: d,h from Alonzo-Fernandes et al 2009 | N46: haddock | O46: =O32*$O$39 -> 12957077 | P46: =P32*$O$39 -> 32035115 | Q46: =Q32*$O$39 -> 59682624 | R46: =R32*$O$39 -> 58806217 | S46: =S32*$O$39 -> 72545692
A47: yellowtailfl | B47: =EXP(-7.633) -> 0.00048420606 | C47: 5.701 | D47: 0 | E47: 1 | F47: 1 | G47: 1.2 | H47: 1.4 | I47: adjusted for mm vs cm, from Ytail SA doc 2012 | N47: yellowtailfl | O47: =O33*$O$39 -> 11902818 | P47: =P33*$O$39 -> 20248411 | Q47: =Q33*$O$39 -> 22744696 | R47: =R33*$O$39 -> 27249665 | S47: =S33*$O$39 -> 67500921
A48: winterfl | B48: =EXP(-7.633) -> 0.00048420606 | C48: 5.701 | D48: 0 | E48: 1 | F48: 1 | G48: 1.5 | H48: 3 | I48: range 400K-3.6M eggs (1989 spp profile), modified from Ytail | N48: winterfl | O48: =O34*$O$39 -> 5789208 | P48: =P34*$O$39 -> 8618023.8 | Q48: =Q34*$O$39 -> 9494265.9 | R48: =R34*$O$39 -> 11272898 | S48: =S34*$O$39 -> 16148656
A49: Amackerel | B49: 1.098 | C49: 3.5 | D49: 0 | E49: 1 | F49: 1 | G49: 1 | H49: 1.8 | I49: range 400K-1.9M (Morse 1980) h adjusted for cm | N49: Amackerel | O49: =O35*$O$39 -> 17299207 | P49: =P35*$O$39 -> 22051843 | Q49: =Q35*$O$39 -> 19887867 | R49: =R35*$O$39 -> 17785968 | S49: =S35*$O$39 -> 16115555
A50: searaven | B50: 0.5 | C50: 2.5 | D50: 0 | E50: 1 | F50: 1 | G50: 1 | H50: 1.1 | I50: avg 15K, max 40K fogBigelowSchroeder | N50: searaven | O50: =O36*$O$39 -> 3046.527 | P50: =P36*$O$39 -> 133157.58 | Q50: =Q36*$O$39 -> 149416.51 | R50: =R36*$O$39 -> 387896.66 | S50: =S36*$O$39 -> 1492184.6
A51: sandlance | B51: 0.328 | C51: 3.857 | D51: 0 | E51: 1 | F51: 1 | G51: 1 | H51: 1 | I51: pars from Sandlance spp profile 1986 | N51: sandlance | O51: =O37*$O$39 -> 1.9662339e+08 | P51: =P37*$O$39 -> 1.9662339e+08 | Q51: =Q37*$O$39 -> 2.6697089e+08 | R51: =R37*$O$39 -> 2.6697089e+08 | S51: =S37*$O$39 -> 3.6043811e+08
B53: recruitment=(rec_alpha*EggProd(t-1)^rec_shape)*exp(-rec_beta*EggProd(t-1)+covariates) | N53: round to nearest whole number
A54: recruitment | B54: alpha | C54: shape | D54: beta | E54: lm_alpha | F54: lm_beta | G54: maxReggprod | H54: maxR | N54: spinydog | O54: =ROUND(O42,0) -> 4403580 | P54: =ROUND(P42,0) -> 3976466 | Q54: =ROUND(Q42,0) -> 2946116 | R54: =ROUND(R42,0) -> 1865818 | S54: =ROUND(S42,0) -> 819665
A55: spinydog | B55: 30 | C55: 0.8 | D55: =C55/G55 -> 0.0026666667 | E55: =EXP($J$62-ABS($J$63*LOG(C15))) -> 604.31755 | F55: =EXP($L$62-$L$63*LOG(G55)) -> 0.11102479 | G55: 300 | H55: =B55*(G55^C55)*EXP(-D55*G55) -> 1292.3575 | I55: these are invented input parameters | N55: winterskate | O55: =ROUND(O43,0) -> 11686965 | P55: =ROUND(P43,0) -> 13141996 | Q55: =ROUND(Q43,0) -> 11827867 | R55: =ROUND(R43,0) -> 10231659 | S55: =ROUND(S43,0) -> 11213381
A56: winterskate | B56: 10 | C56: 0.7 | D56: =C56/G56 -> 0.00023333333 | E56: =EXP($J$62-ABS($J$63*LOG(C16))) -> 529.72478 | F56: =EXP($L$62-$L$63*LOG(G56)) -> 0.043006595 | G56: 3000 | H56: =B56*(G56^C56)*EXP(-D56*G56) -> 1348.8969 | I56: used following methods | N56: Aherring | O56: =ROUND(O44,0) -> 122923250 | P56: =ROUND(P44,0) -> 122923250 | Q56: =ROUND(Q44,0) -> 261554272 | R56: =ROUND(R44,0) -> 179712687 | S56: =ROUND(S44,0) -> 92718691
A57: Aherring | B57: 0.5 | C57: 0.5 | D57: =C57/G57 -> 5e-11 | E57: =EXP($J$62-ABS($J$63*LOG(C17))) -> 1723.3353 | F57: =EXP($L$62-$L$63*LOG(G57)) -> 8.848301e-05 | G57: 10000000000 | H57: =B57*(G57^C57)*EXP(-D57*G57) -> 30326.533 | I57: shape/beta=eggprod at max R, get to eggprod order of magnitude | N57: Acod | O57: =ROUND(O45,0) -> 7524274 | P57: =ROUND(P45,0) -> 6475629 | Q57: =ROUND(Q45,0) -> 4276626 | R57: =ROUND(R45,0) -> 5049759 | S57: =ROUND(S45,0) -> 1606118
A58: Acod | B58: 0.001 | C58: 0.5 | D58: =C58/G58 -> 6.25e-14 | E58: =EXP($J$62-ABS($J$63*LOG(C18))) -> 408.60077 | F58: =EXP($L$62-$L$63*LOG(G58)) -> 5.6379471e-06 | G58: 8000000000000 | H58: =B58*(G58^C58)*EXP(-D58*G58) -> 1715.5278 | I58: keep curves somewhat flat, shape<1 | N58: haddock | O58: =ROUND(O46,0) -> 12957077 | P58: =ROUND(P46,0) -> 32035115 | Q58: =ROUND(Q46,0) -> 59682624 | R58: =ROUND(R46,0) -> 58806217 | S58: =ROUND(S46,0) -> 72545692
A59: haddock | B59: 0.02 | C59: 0.5 | D59: =C59/G59 -> 5.5555556e-12 | E59: =EXP($J$62-ABS($J$63*LOG(C19))) -> 818.28156 | F59: =EXP($L$62-$L$63*LOG(G59)) -> 3.5794955e-05 | G59: 90000000000 | H59: =B59*(G59^C59)*EXP(-D59*G59) -> 3639.184 | I59: scale to range of init bin 1 with alpha | N59: yellowtailfl | O59: =ROUND(O47,0) -> 11902818 | P59: =ROUND(P47,0) -> 20248411 | Q59: =ROUND(Q47,0) -> 22744696 | R59: =ROUND(R47,0) -> 27249665 | S59: =ROUND(S47,0) -> 67500921
A60: yellowtailfl | B60: 0.005 | C60: 0.5 | D60: =C60/G60 -> 2.9411765e-13 | E60: =EXP($J$62-ABS($J$63*LOG(C20))) -> 1207.0885 | F60: =EXP($L$62-$L$63*LOG(G60)) -> 1.0670179e-05 | G60: 1700000000000 | H60: =B60*(G60^C60)*EXP(-D60*G60) -> 3954.0961 | N60: winterfl | O60: =ROUND(O48,0) -> 5789208 | P60: =ROUND(P48,0) -> 8618024 | Q60: =ROUND(Q48,0) -> 9494266 | R60: =ROUND(R48,0) -> 11272898 | S60: =ROUND(S48,0) -> 16148656
A61: winterfl | B61: 0.03 | C61: 0.4 | D61: =C61/G61 -> 1.1428571e-12 | E61: =EXP($J$62-ABS($J$63*LOG(C21))) -> 1325.9571 | F61: =EXP($L$62-$L$63*LOG(G61)) -> 2.0458868e-05 | G61: 350000000000 | H61: =B61*(G61^C61)*EXP(-D61*G61) -> 833.74008 | I61: these are in LeMANS | N61: Amackerel | O61: =ROUND(O49,0) -> 17299207 | P61: =ROUND(P49,0) -> 22051843 | Q61: =ROUND(Q49,0) -> 19887867 | R61: =ROUND(R49,0) -> 17785968 | S61: =ROUND(S49,0) -> 16115555
A62: Amackerel | B62: 0.025 | C62: 0.5 | D62: =C62/G62 -> 1.4285714e-11 | E62: =EXP($J$62-ABS($J$63*LOG(C22))) -> 1308.7337 | F62: =EXP($L$62-$L$63*LOG(G62)) -> 5.2816119e-05 | G62: 35000000000 | H62: =B62*(G62^C62)*EXP(-D62*G62) -> 2836.7874 | I62: alpha_int | J62: 11 | K62: beta_int | L62: 0.1513 | N62: searaven | O62: =ROUND(O50,0) -> 3047 | P62: =ROUND(P50,0) -> 133158 | Q62: =ROUND(Q50,0) -> 149417 | R62: =ROUND(R50,0) -> 387897 | S62: =ROUND(S50,0) -> 1492185
A63: searaven | B63: 1 | C63: 0.5 | D63: =C63/G63 -> 0.000625 | E63: =EXP($J$62-ABS($J$63*LOG(C23))) -> 887.93143 | F63: =EXP($L$62-$L$63*LOG(G63)) -> 0.07412588 | G63: 800 | H63: =B63*(G63^C63)*EXP(-D63*G63) -> 17.155278 | I63: alpha_exp | J63: -2.298 | K63: beta_exp | L63: 0.9484 | N63: sandlance | O63: =ROUND(O51,0) -> 196623386 | P63: =ROUND(P51,0) -> 196623386 | Q63: =ROUND(Q51,0) -> 266970893 | R63: =ROUND(R51,0) -> 266970893 | S63: =ROUND(S51,0) -> 360438113
A64: sandlance | B64: 0.55 | C64: 0.45 | D64: =C64/G64 -> 1.8e-12 | E64: =EXP($J$62-ABS($J$63*LOG(C24))) -> 2510.5938 | F64: =EXP($L$62-$L$63*LOG(G64)) -> 2.350009e-05 | G64: 250000000000 | H64: =B64*(G64^C64)*EXP(-D64*G64) -> 47206.649
N65: values | O65: 4403580 | P65: 3976466 | Q65: 2946116 | R65: 1865818 | S65: 819665 | U65: =SUM(O65:S65) -> 14011645
B66: length=growth_psi*age^growth_kappa*exp(covariates) | O66: 11686965 | P66: 13141996 | Q66: 11827867 | R66: 10231659 | S66: 11213381 | U66: =SUM(O66:S66) -> 58101868
B67: psi | C67: kappa | E67: n ages in data | O67: 122923250 | P67: 122923250 | Q67: 261554272 | R67: 179712687 | S67: 92718691 | U67: =SUM(O67:S67) -> 779832150
A68: spinydog | B68: =EXP(2.423098) -> 11.280753 | C68: 0.688187 | D68: ! | E68: 0 | F68: !refit to vonB curves from pars above, assuming t0=0 | O68: 7524274 | P68: 6475629 | Q68: 4276626 | R68: 5049759 | S68: 1606118 | U68: =SUM(O68:S68) -> 24932406
A69: winterskate | B69: =EXP(2.93271) -> 18.778451 | C69: 0.59567 | D69: ! | E69: 0 | F69: *or just fit to length at age data from surveys | O69: 12957077 | P69: 32035115 | Q69: 59682624 | R69: 58806217 | S69: 72545692 | U69: =SUM(O69:S69) -> 236026725
A70: Aherring | B70: =EXP(2.591427) -> 13.348807 | C70: 0.40113 | D70: * | E70: 7878 | F70: see text file with R transcript | O70: 11902818 | P70: 20248411 | Q70: 22744696 | R70: 27249665 | S70: 67500921 | U70: =SUM(O70:S70) -> 149646511
A71: Acod | B71: =EXP(3.104847) -> 22.305806 | C71: 0.735026 | D71: * | E71: 18044 | O71: 5789208 | P71: 8618024 | Q71: 9494266 | R71: 11272898 | S71: 16148656 | U71: =SUM(O71:S71) -> 51323052
A72: haddock | B72: =EXP(3.13992) -> 23.102019 | C72: 0.502783 | D72: * | E72: 31155 | O72: 17299207 | P72: 22051843 | Q72: 19887867 | R72: 17785968 | S72: 16115555 | U72: =SUM(O72:S72) -> 93140440
A73: yellowtailfl | B73: =EXP(2.77126) -> 15.978755 | C73: 0.620296 | D73: * | E73: 26587 | O73: 3047 | P73: 133158 | Q73: 149417 | R73: 387897 | S73: 1492185 | U73: =SUM(O73:S73) -> 2165704
A74: winterfl | B74: =EXP(2.87225) -> 17.676746 | C74: 0.556819 | D74: * | E74: 7182 | O74: 196623386 | P74: 196623386 | Q74: 266970893 | R74: 266970893 | S74: 360438113 | U74: =SUM(O74:S74) -> 1287626671
A75: Amackerel | B75: =EXP(3.018152) -> 20.453459 | C75: 0.263637 | D75: * | E75: 2325 | N75: INPUT millions of fish for N units | U75: mat
A76: searaven | B76: =EXP(3.49918) -> 33.088308 | C76: 0.33678 | D76: ! | E76: 0 | O76: =O65/100000 -> 44.0358 | P76: =P65/100000 -> 39.76466 | Q76: =Q65/100000 -> 29.46116 | R76: =R65/100000 -> 18.65818 | S76: =S65/100000 -> 8.19665
A77: sandlance | B77: =EXP(2.16325) -> 8.6993647 | C77: 0.5329 | D77: ! | E77: 0 | O77: =O66/100000 -> 116.86965 | P77: =P66/100000 -> 131.41996 | Q77: =Q66/100000 -> 118.27867 | R77: =R66/100000 -> 102.31659 | S77: =S66/100000 -> 112.13381
E78: =SUM(E68:E77) -> 93171 | F78: tot ages | O78: =O67/100000 -> 1229.2325 | P78: =P67/100000 -> 1229.2325 | Q78: =Q67/100000 -> 2615.5427 | R78: =R67/100000 -> 1797.1269 | S78: =S67/100000 -> 927.18691
O79: =O68/100000 -> 75.24274 | P79: =P68/100000 -> 64.75629 | Q79: =Q68/100000 -> 42.76626 | R79: =R68/100000 -> 50.49759 | S79: =S68/100000 -> 16.06118
O80: =O69/100000 -> 129.57077 | P80: =P69/100000 -> 320.35115 | Q80: =Q69/100000 -> 596.82624 | R80: =R69/100000 -> 588.06217 | S80: =S69/100000 -> 725.45692
B81: intake=24*(intake_alpha*exp(intake_beta*temperature)*mean_daily_stomwt | O81: =O70/100000 -> 119.02818 | P81: =P70/100000 -> 202.48411 | Q81: =Q70/100000 -> 227.44696 | R81: =R70/100000 -> 272.49665 | S81: =S70/100000 -> 675.00921
B82: alpha | C82: beta | O82: =O71/100000 -> 57.89208 | P82: =P71/100000 -> 86.18024 | Q82: =Q71/100000 -> 94.94266 | R82: =R71/100000 -> 112.72898 | S82: =S71/100000 -> 161.48656
A83: spinydog | B83: 0.002 | C83: 0.11 | E83: from Link, used in Butterfish appendix | O83: =O72/100000 -> 172.99207 | P83: =P72/100000 -> 220.51843 | Q83: =Q72/100000 -> 198.87867 | R83: =R72/100000 -> 177.85968 | S83: =S72/100000 -> 161.15555
A84: winterskate | B84: 0.002 | C84: 0.11 | O84: =O73/100000 -> 0.03047 | P84: =P73/100000 -> 1.33158 | Q84: =Q73/100000 -> 1.49417 | R84: =R73/100000 -> 3.87897 | S84: =S73/100000 -> 14.92185
A85: Aherring | B85: 0.004 | C85: 0.11 | E85: stomach weights from FoodHabits18spp_197376.xlsx | O85: =O74/100000 -> 1966.2339 | P85: =P74/100000 -> 1966.2339 | Q85: =Q74/100000 -> 2669.7089 | R85: =R74/100000 -> 2669.7089 | S85: =S74/100000 -> 3604.3811
A86: Acod | B86: 0.004 | C86: 0.11 | E86: direct data for cod, haddock, yellowtail
A87: haddock | B87: 0.004 | C87: 0.11 | E87: used proxies for other species
A88: yellowtailfl | B88: 0.004 | C88: 0.11 | E88: redo with database query
A89: winterfl | B89: 0.004 | C89: 0.11
A90: Amackerel | B90: 0.004 | C90: 0.11
A91: searaven | B91: 0.004 | C91: 0.11
A92: sandlance | B92: 0.004 | C92: 0.11
B95: fishery selectivity = 1/(1+exp(-(sel_c+sel_d*lbinmidpt)))
A96: trawl(fleet1) | B96: sel_c | C96: sel_d | D96: alpha2 | E96: SF | F96: mesh size | G96: source | H96: L50 | J96: from DeAlteris and Grogan 1997 Tech Report
A97: spinydog | B97: -12.903 | C97: 0.25 | G97: cod | H97: =B97/-C97 -> 51.612 | J97: sel= 1/(1+exp(-alpha2*(len-L50)))
A98: winterskate | B98: -10 | C98: 0.25 | G98: ! | H98: =B98/-C98 -> 40 | J98: their alpha2 (curve steepness) is our sel_d
A99: Aherring | B99: -4 | C99: 0.25 | G99: ! | H99: =B99/-C99 -> 16 | J99: their SelectionFactor SF is L50% selection/avg mesh or hook size
A100: Acod | B100: =-C100*E100*F100 -> -12.903 | C100: =D100 -> 0.25 | D100: 0.25 | E100: 3.74 | F100: =AVERAGE(10.5,13.5,13.5,13.5,14,15.5,14,15.2,13,14,15.5,13,14,15.5,14,9,14,15.5,15.5,12,13.5,13.7,13.7,13.7,13.8,13.8,13.8,14.1,14.1,14.1,14.3,14.3) -> 13.8 | G100: p 37 | H100: =B100/-C100 -> 51.612 | J100: our sel_c is -alpha2*L50
A101: haddock | B101: =-C101*E101*F101 -> -11.676712 | C101: =D101 -> 0.25 | D101: 0.25 | E101: 3.74 | F101: =AVERAGE(10.7,13.8,13.8,13,13,13.5,14,6,6,7,9,12,14,12,13.5,13.7,13.7,13.7,13.8,13.8,13.8,14.1,14.1,14.1,14.3,14.3) -> 12.488462 | G101: p 39 | H101: =B101/-C101 -> 46.706846 | J101: they report SF (defined on p 11)
A102: yellowtailfl | B102: =-C102*E102*F102 -> -15.44232 | C102: =D102 -> 0.48 | D102: 0.48 | E102: 2.35 | F102: =AVERAGE(10.2,13.3,13.3,14,15.2,12.9,14.5,15.5,14,14) -> 13.69 | G102: p 42 | H102: =B102/-C102 -> 32.1715 | J102: so sel_c = -d*SF*avg mesh or hook size
A103: winterfl | B103: =-C103*E103*F103 -> -13.894106 | C103: =D103 -> 0.57 | D103: 0.57 | E103: 2.15 | F103: =AVERAGE(10.3,13.3,13.3,7.5,10.2,11.4,12.7,12) -> 11.3375 | G103: p 42 | H103: =B103/-C103 -> 24.375625 | J103: used average values for diamond mesh trawl (gear 1) and offshore trap (gear 2) because they existed for all species studied
...

Sheet just10_newset_hydra_sim_GB
B1: 9.8765333 | C1: 9.8765333 | D1: 9.8765333 | E1: 9.8765333 | F1: 9.8765333 | G1: 9.8765333 | H1: 9.8765333 | I1: 9.8765333 | J1: 9.8765333 | K1: 9.8765333 | L1: 9.8765333 | M1: 9.8765333 | N1: 9.8765333 | O1: 9.8765333 | P1: 9.8765333 | Q1: binwidth | R1: max Linf determined n size classes, all other in same
A2: init n at size | B2: 10 | C2: 20 | D2: 30 | E2: 40 | F2: 50 | G2: 60 | H2: 70 | I2: 80 | J2: 90 | K2: 100 | L2: 110 | M2: 120 | N2: 130 | O2: 140 | P2: 150 | Q2: use | R2: =148*1.001 -> 148.148 | S2: maxsize
A3: spinydog | B3: 0.66268858 | C3: 0.78275415 | D3: 0.6947107 | E3: 0.61053492 | F3: 0.52648703 | G3: 0.44055388 | H3: 0.35183219 | I3: 0.26060896 | J3: 0.16915631 | K3: 0.085657368 | L3: 0.014235365 | M3: 0 | N3: 0 | O3: 0 | P3: 0 | Q3: 1 | R3: 15 | S3: nsc | T3: n size classes
A4: winterskate | B4: 1.516425 | C4: 2.3197349 | D4: 2.2095006 | E4: 2.1042627 | F4: 1.9980525 | G4: 1.8843574 | H4: 1.7559598 | I4: 1.6025068 | J4: 1.4068569 | K4: 1.1422229 | L4: 0.78245253 | M4: 0.3491771 | N4: 0 | O4: 0 | P4: 0 | Q4: 1 | R4: =R2/R3 -> 9.8765333 | S4: 10 cm wide bins (approx)
A5: littleskate | B5: 2.6402269 | C5: 4.7836717 | D5: 5.3512422 | E5: 6.3066725 | F5: 8.5388107 | G5: 11.161203 | H5: 0 | I5: 0 | J5: 0 | K5: 0 | L5: 0 | M5: 0 | N5: 0 | O5: 0 | P5: 0
A6: winter+little | B6: =SUM(B4:B5) -> 4.1566519 | C6: =SUM(C4:C5) -> 7.1034066 | D6: =SUM(D4:D5) -> 7.5607428 | E6: =SUM(E4:E5) -> 8.4109352 | F6: =SUM(F4:F5) -> 10.536863 | G6: =SUM(G4:G5) -> 13.04556 | H6: =SUM(H4:H5) -> 1.7559598 | I6: =SUM(I4:I5) -> 1.6025068 | ... P6: =SUM(P4:P5) -> 0 | R6: simple sum of winter plus little--a pain for all other pars, keep just winter right now
A7: Aherring | B7: 80.697299 | C7: 85.853259 | D7: 58.989363 | E7: 30.434226 | F7: 0 | G7: 0 | H7: 0 | I7: 0 | J7: 0 | K7: 0 | L7: 0 | M7: 0 | N7: 0 | O7: 0 | P7: 0 | Q7: 1
A8: Acod | B8: 1.0007063 | C8: 1.469081 | D8: 1.1813408 | E8: 0.94423672 | F8: 0.76798 | G8: 0.63579078 | H8: 0.53201978 | I8: 0.44576677 | J8: 0.37443163 | K8: 0.30532796 | L8: 0.23426737 | M8: 0.16154443 | N8: 0.092194445 | O8: 0.033492511 | P8: 0.0056977634 | Q8: 1
A9: haddock | B9: 4.2530649 | C9: 10.51529 | D9: 10.007216 | E9: 9.5831649 | F9: 9.4794295 | G9: 9.8232772 | H9: 11.135063 | I9: 12.677525 | J9: 0 | K9: 0 | L9: 0 | M9: 0 | N9: 0 | O9: 0 | P9: 0 | Q9: 1
A10: yellowtailfl | B10: 3.9070123 | C10: 6.6463913 | D10: 7.4657787 | E10: 8.9445013 | F10: 14.069671 | G10: 8.087008 | H10: 0 | I10: 0 | J10: 0 | K10: 0 | L10: 0 | M10: 0 | N10: 0 | O10: 0 | P10: 0 | Q10: 1
A11: winterfl | B11: 1.9002648 | C11: 2.8288027 | D11: 3.1164227 | E11: 3.7002457 | F11: 5.300677 | G11: 0 | H11: 0 | I11: 0 | J11: 0 | K11: 0 | L11: 0 | M11: 0 | N11: 0 | O11: 0 | P11: 0 | Q11: 1
A12: Amackerel | B12: 5.678337 | C12: 7.2383546 | D12: 6.5280456 | E12: 5.8381126 | F12: 5.2898121 | G12: 0 | H12: 0 | I12: 0 | J12: 0 | K12: 0 | L12: 0 | M12: 0 | N12: 0 | O12: 0 | P12: 0 | Q12: 1
A13: silverhake | B13: 4.4434732 | C13: 5.0468111 | D13: 3.6543024 | E13: 2.5206962 | F13: 1.6896202 | G13: 1.0732097 | H13: 0.5527011 | I13: 0 | J13: 0 | K13: 0 | L13: 0 | M13: 0 | N13: 0 | O13: 0 | P13: 0 | Q13: 1 | X13: a | Y13: b
A14: goosefish | B14: 0.14683387 | C14: 0.19944634 | D14: 0.18371622 | E14: 0.16863678 | F14: 0.15346564 | G14: 0.13773194 | H14: 0.12109972 | I14: 0.10330729 | J14: 0.084151179 | K14: 0.063570465 | L14: 0.042037881 | M14: 0.021529943 | N14: 0.0072207089 | O14: 0 | P14: 0 | Q14: 1 | U14: need to fit to maturity data | X14: propmat=1/(1+exp(-(mat_nu+mat_omega*lbinmidpt)))
N15: binwidth | U15: used as first approximations | X15: mat dat Obrien et al 1993 (avg male and female)
A16: params | B16: vonB_k* | C16: Linf* | D16: L50mat | E16: kappamat | F16: lwt_a | G16: lwt_b | H16: maxSSB | I16: fished? | J16: inMSprod | K16: maxsize | L16: maxbin | M16: use | T16: L50matbin | U16: mat_nu | V16: mat_omega | X16: mat_nu | Y16: mat_omega | AA16: L50mat
A17: spinydog | B17: 0.1 | C17: 99.99 | D17: 79.99 | E17: 0.587 | F17: 0.003 | G17: 3.122 | H17: 16.125 | I17: 1 | J17: 1 | K17: =C17*1.01 -> 100.9899 | L17: =SUM(N17:R17) -> 110 | M17: 1 | N17: 20 | O17: 20 | P17: 20 | Q17: 20 | R17: 30 | T17: 4 | U17: -5 | V17: 0.1 | W17: spinydog
A18: winterskate | B18: 0.14405 | C18: 114.1 | D18: 85 | E18: 0.587 | F18: 0.004 | G18: 3.317 | H18: 83.96 | I18: 1 | J18: agg | K18: =C18*1.01 -> 115.241 | L18: =SUM(N18:R18) -> 120 | M18: 1 | N18: 20 | O18: 20 | P18: 20 | Q18: 20 | R18: 40 | T18: 5 | U18: -5 | V18: 0.1 | W18: winterskate
A19: Aherring | B19: 0.28 | C19: 34.99 | D19: 25 | E19: 0.587 | F19: 0.01 | G19: 2.99 | H19: 101.91 | I19: 1 | J19: 1 | K19: =C19*1.01 -> 35.3399 | L19: =SUM(N19:R19) -> 40 | M19: 1 | N19: 5 | O19: 5 | P19: 5 | Q19: 5 | R19: 20 | T19: 5 | U19: -5 | V19: 0.2 | W19: Aherring | X19: =AVERAGE(-28.484,-40.461) -> -34.4725 | Y19: =AVERAGE(1.123,1.597) -> 1.36 | Z19: All | AA19: =AVERAGE(25.4,25.3) -> 25.35
A20: Acod | B20: 0.12 | C20: 148 | D20: 39.99 | E20: 0.149 | F20: 0.009 | G20: 3.052 | H20: 71.17 | I20: 1 | J20: 1 | K20: =C20*1.01 -> 149.48 | L20: =SUM(N20:R20) -> 150 | M20: 1 | N20: 20 | O20: 20 | P20: 20 | Q20: 40 | R20: 50 | T20: 3 | U20: -5 | V20: 0.16 | W20: Acod | X20: =AVERAGE(-4.932,-5.688) -> -5.31 | Y20: =AVERAGE(0.127,0.139) -> 0.133 | Z20: GB | AA20: =AVERAGE(38.8,41) -> 39.9
A21: haddock | B21: 0.376 | C21: 73.8 | D21: 28 | E21: 0.3745 | F21: 0.01 | G21: 3.068 | H21: 250.69 | I21: 1 | J21: 1 | K21: =C21*1.01 -> 74.538 | L21: =SUM(N21:R21) -> 80 | M21: 1 | N21: 10 | O21: 10 | P21: 20 | Q21: 20 | R21: 20 | T21: 3 | U21: -5 | V21: 0.13 | W21: haddock | X21: =AVERAGE(-6.252,-5.064) -> -5.658 | Y21: =AVERAGE(0.21,0.189) -> 0.1995 | Z21: GB | AA21: =AVERAGE(29.7,26.8) -> 28.25
A22: yellowtailfl | B22: 0.335 | C22: 49.99 | D22: 23 | E22: 0.487 | F22: 0.008 | G22: 3.129 | H22: 48.16 | I22: 1 | J22: 1 | K22: =C22*1.01 -> 50.4899 | L22: =SUM(N22:R22) -> 60 | M22: 1 | N22: 10 | O22: 10 | P22: 10 | Q22: 10 | R22: 20 | T22: 3 | U22: -5 | V22: 0.2 | W22: yellowtailfl | X22: =AVERAGE(-15.136,-8.145) -> -11.6405 | Y22: =AVERAGE(0.587,0.381) -> 0.484 | Z22: GB | AA22: =AVERAGE(25.8, 21.4) -> 23.6
A23: winterfl | B23: 0.283 | C23: 45.5 | D23: 25 | E23: 0.587 | F23: 0.011 | G23: 3.138 | H23: 13.33 | I23: 1 | J23: 1 | K23: =C23*1.01 -> 45.955 | L23: =SUM(N23:R23) -> 50 | M23: 1 | N23: 10 | O23: 10 | P23: 10 | Q23: 10 | R23: 10 | T23: 3 | U23: -5 | V23: 0.2 | W23: winterfl | X23: =AVERAGE(-10.855,-7.724) -> -9.2895 | Y23: =AVERAGE(0.436,0.301) -> 0.3685 | Z23: GB | AA23: =AVERAGE(24.9,25.6) -> 25.25
A24: Amackerel | B24: 0.243 | C24: 46.1 | D24: 29.99 | E24: 0.641 | F24: 0.007 | G24: 3.319 | H24: 23.87 | I24: 1 | J24: 1 | K24: =C24*1.01 -> 46.561 | L24: =SUM(N24:R24) -> 50 | M24: 1 | N24: 10 | O24: 10 | P24: 10 | Q24: 10 | R24: 10 | T24: 3 | U24: -5 | V24: 0.2 | W24: Amackerel | X24: =AVERAGE(-16.475,-17.102) -> -16.7885 | Y24: =AVERAGE(0.641,0.658) -> 0.6495 | Z24: All | AA24: =AVERAGE(25.7,26) -> 25.85
A25: silverhake | B25: 0.18 | C25: 65.4 | D25: 23 | E25: 0.587 | F25: 0.007 | G25: 3.05 | H25: 25.8 | I25: 1 | J25: 0 | K25: =C25*1.01 -> 66.054 | L25: =SUM(N25:R25) -> 70 | M25: 1 | N25: 10 | O25: 10 | P25: 10 | Q25: 10 | R25: 30 | T25: 3 | U25: -5 | V25: 0.2 | W25: silverhake | X25: =AVERAGE(-11.963, -14.369) -> -13.166 | Y25: =AVERAGE(0.519, 0.646) -> 0.5825 | Z25: GOMNGB | AA25: =AVERAGE(23.1, 22.3) -> 22.7 | AB25: silver hake stock also splits GB in half. Using northern which includes GOM
A26: goosefish | B26: 0.108 | C26: 126 | D26: 49 | E26: 0.587 | F26: 0.02 | G26: 2.897 | H26: 6.45 | I26: 1 | J26: 0 | K26: =C26*1.01 -> 127.26 | L26: =SUM(N26:R26) -> 130 | M26: 1 | N26: 20 | O26: 20 | P26: 20 | Q26: 30 | R26: 40 | T26: 2 | U26: -5 | V26: 0.3 | W26: goosefish | X26: =AVERAGE(-9.765, -11.571) -> -10.668 | Y26: =AVERAGE(0.252,0.325) -> 0.2885 | Z26: NMA | AA26: =AVERAGE(38.8, 35.6) -> 37.2 | AB26: Richards et al 2008 | AD26: averaging M and F probably makes no sense
A27: littleskate | B27: 0.352 | C27: 53 | D27: 49.99 | E27: 0.587 | F27: 0.005 | G27: 3.141 | H27: 24.51 | I27: 1 | J27: agg | K27: =C27*1.01 -> 53.53 | L27: not using | AB27: goosefish >70 cm all F? (size specific sex ratio needed in code?)
B28: *use my fitted parameters instead--see Gblenage_growthpars.csv, changes in red to accommodate reduced growth for herring, silverhake | O28: for smaller bins, divide in half to approximate | X28: used these from Obrien | AB28: also, goosefish stock structure splits GB in half. Awesome.
O29: Initial n at size (sum bins above assuming they are 10 cm) | AB29: using Northern goosefish stock info (includes GOM).
A30: foodweb | B30: preds-> | O30: bin1 | P30: bin2 | Q30: bin3 | R30: bin4 | S30: bin5
A31: prey | B31: spinydog | C31: winterskate | D31: Aherring | E31: Acod | F31: haddock | G31: yellowtailfl | H31: winterfl | I31: Amackerel | J31: silverhake | K31: goosefish | N31: spinydog | O31: =SUM(B3:C3) -> 1.4454427 | P31: =SUM(D3:E3) -> 1.3052456 | Q31: =SUM(F3:G3) -> 0.96704091 | R31: =SUM(H3:I3) -> 0.61244115 | S31: =SUM(J3:L3) -> 0.26904904
A32: spinydog | B32: 1 | C32: 0 | D32: 0 | E32: 0 | F32: 0 | G32: 0 | H32: 0 | I32: 0 | J32: 0 | K32: 1 | N32: winterskate | O32: =SUM(B4:C4) -> 3.8361599 | P32: =SUM(D4:E4) -> 4.3137633 | Q32: =SUM(F4:G4) -> 3.8824099 | R32: =SUM(H4:I4) -> 3.3584666 | S32: =SUM(J4:M4) -> 3.6807094
A33: winterskate | B33: 1 | C33: 0 | D33: 0 | E33: 0 | F33: 0 | G33: 0 | H33: 0 | I33: 0 | J33: 0 | K33: 0 | N33: Aherring | O33: =B7/2 -> 40.34865 | P33: =B7/2 -> 40.34865 | Q33: =C7/2 -> 42.926629 | R33: =C7/2 -> 42.926629 | S33: =D7+E7 -> 89.423589
A34: Aherring | B34: 1 | C34: 1 | D34: 0 | E34: 1 | F34: 1 | G34: 0 | H34: 0 | I34: 0 | J34: 1 | K34: 1 | N34: Acod | O34: =B8+C8 -> 2.4697873 | P34: =D8+E8 -> 2.1255775 | Q34: =SUM(F8:G8) -> 1.4037708 | R34: =SUM(H8:K8) -> 1.6575461 | S34: =SUM(L8:P8) -> 0.52719652
A35: Acod | B35: 1 | C35: 1 | D35: 0 | E35: 1 | F35: 1 | G35: 0 | H35: 0 | I35: 0 | J35: 0 | K35: 1 | N35: haddock | O35: =B9 -> 4.2530649 | P35: =C9 -> 10.51529 | Q35: =SUM(D9:E9) -> 19.590381 | R35: =SUM(F9:G9) -> 19.302707 | S35: =SUM(H9:I9) -> 23.812588
A36: haddock | B36: 1 | C36: 1 | D36: 0 | E36: 0 | F36: 1 | G36: 0 | H36: 0 | I36: 0 | J36: 0 | K36: 1 | N36: yellowtailfl | O36: =B10 -> 3.9070123 | P36: =C10 -> 6.6463913 | Q36: =D10 -> 7.4657787 | R36: =E10 -> 8.9445013 | S36: =SUM(F10:G10) -> 22.156679
A37: yellowtailfl | B37: 1 | C37: 0 | D37: 0 | E37: 0 | F37: 0 | G37: 0 | H37: 0 | I37: 0 | J37: 0 | K37: 1 | N37: winterfl | O37: =B11 -> 1.9002648 | P37: =C11 -> 2.8288027 | Q37: =D11 -> 3.1164227 | R37: =E11 -> 3.7002457 | S37: =F11 -> 5.300677
A38: winterfl | B38: 1 | C38: 0 | D38: 0 | E38: 0 | F38: 0 | G38: 0 | H38: 0 | I38: 0 | J38: 0 | K38: 1 | N38: Amackerel | O38: =B12 -> 5.678337 | P38: =C12 -> 7.2383546 | Q38: =D12 -> 6.5280456 | R38: =E12 -> 5.8381126 | S38: =F12 -> 5.2898121
A39: Amackerel | B39: 1 | C39: 1 | D39: 0 | E39: 1 | F39: 0 | G39: 0 | H39: 0 | I39: 0 | J39: 1 | K39: 1 | N39: silverhake | O39: =B13 -> 4.4434732 | P39: =C13 -> 5.0468111 | Q39: =D13 -> 3.6543024 | R39: =E13 -> 2.5206962 | S39: =SUM(F13:H13) -> 3.315531
A40: silverhake | B40: 1 | C40: 1 | D40: 0 | E40: 1 | F40: 1 | G40: 0 | H40: 0 | I40: 0 | J40: 1 | K40: 1 | N40: goosefish | O40: =SUM(B14:C14) -> 0.34628021 | P40: =SUM(D14:E14) -> 0.352353 | Q40: =SUM(F14:G14) -> 0.29119758 | R40: =SUM(H14:J14) -> 0.30855819 | S40: =SUM(K14:N14) -> 0.134359
A41: goosefish | B41: 0 | C41: 0 | D41: 0 | E41: 0 | F41: 0 | G41: 0 | H41: 0 | I41: 0 | J41: 0 | K41: 1
N42: N_mult | O42: 3046527 | P42: convert catch per tow to total N (from Jason's data) used in LeMANS
B43: fecundity=theta*(d*lbinmidpt^h)
A44: fecundity | B44: d | C44: h | D44: theta | N44: yr1N | O44: bin1 | P44: bin2 | Q44: bin3 | R44: bin4 | S44: bin5
A45: spinydog | B45: 0.5 | C45: 0.5 | D45: 0 | E45: 0 | F45: 0 | G45: 1 | H45: 3 | I45: (2-15 pups/every other yr) | N45: spinydog | O45: =O31*$O$42 -> 4403580.3 | P45: =P31*$O$42 -> 3976466 | Q45: =Q31*$O$42 -> 2946116.2 | R45: =R31*$O$42 -> 1865818.5 | S45: =S31*$O$42 -> 819665.17
A46: winterskate | B46: 12 | C46: 0.005 | D46: 0 | E46: 0 | F46: 0 | G46: 2 | H46: 3 | I46: 21-35 eggs/yr average, Frisk et al 2002 | N46: winterskate | O46: =O32*$O$42 -> 11686965 | P46: =P32*$O$42 -> 13141996 | Q46: =Q32*$O$42 -> 11827867 | R46: =R32*$O$42 -> 10231659 | S46: =S32*$O$42 -> 11213381
A47: Aherring | B47: 0.00316 | C47: 5 | D47: 0 | E47: 0 | F47: 0 | G47: 1 | H47: 1 | I47: range 30-160K eggs, Kelly and Stevenson 1985 | N47: Aherring | O47: =O33*$O$42 -> 1.2292325e+08 | P47: =P33*$O$42 -> 1.2292325e+08 | Q47: =Q33*$O$42 -> 1.3077714e+08 | R47: =R33*$O$42 -> 1.3077714e+08 | S47: =S33*$O$42 -> 2.7243138e+08
A48: Acod | B48: 0.43326 | C48: 4.027 | D48: 0 | E48: 0.5 | F48: 1 | G48: 1.2 | H48: 1.4 | I48: d,h from Alonzo-Fernandes et al 2009 | N48: Acod | O48: =O34*$O$42 -> 7524273.7 | P48: =P34*$O$42 -> 6475629.3 | Q48: =Q34*$O$42 -> 4276625.6 | R48: =R34*$O$42 -> 5049759.1 | S48: =S34*$O$42 -> 1606118.4
A49: haddock | B49: 0.1403 | C49: 3.587 | D49: 0 | E49: 0.5 | F49: 1 | G49: 1.2 | H49: 1.4 | I49: d,h from Alonzo-Fernandes et al 2009 | N49: haddock | O49: =O35*$O$42 -> 12957077 | P49: =P35*$O$42 -> 32035115 | Q49: =Q35*$O$42 -> 59682624 | R49: =R35*$O$42 -> 58806217 | S49: =S35*$O$42 -> 72545692
A50: yellowtailfl | B50: =EXP(-7.633) -> 0.00048420606 | C50: 5.701 | D50: 0 | E50: 1 | F50: 1 | G50: 1.2 | H50: 1.4 | I50: adjusted for mm vs cm, from Ytail SA doc 2012 | N50: yellowtailfl | O50: =O36*$O$42 -> 11902818 | P50: =P36*$O$42 -> 20248411 | Q50: =Q36*$O$42 -> 22744696 | R50: =R36*$O$42 -> 27249665 | S50: =S36*$O$42 -> 67500921
A51: winterfl | B51: =EXP(-7.633) -> 0.00048420606 | C51: 5.701 | D51: 0 | E51: 1 | F51: 1 | G51: 1.5 | H51: 3 | I51: range 400K-3.6M eggs (1989 spp profile), modified from Ytail | N51: winterfl | O51: =O37*$O$42 -> 5789208 | P51: =P37*$O$42 -> 8618023.8 | Q51: =Q37*$O$42 -> 9494265.9 | R51: =R37*$O$42 -> 11272898 | S51: =S37*$O$42 -> 16148656
A52: Amackerel | B52: 1.098 | C52: 3.5 | D52: 0 | E52: 1 | F52: 1 | G52: 1 | H52: 1.8 | I52: range 400K-1.9M (Morse 1980) h adjusted for cm | N52: Amackerel | O52: =O38*$O$42 -> 17299207 | P52: =P38*$O$42 -> 22051843 | Q52: =Q38*$O$42 -> 19887867 | R52: =R38*$O$42 -> 17785968 | S52: =S38*$O$42 -> 16115555
A53: silverhake | B53: 0.5 | C53: 3.5 | D53: 0 | E53: 0 | F53: 1 | G53: 1.5 | H53: 1.5 | I53: 300-400K for 25-35 cm (B&S excerpt) | N53: silverhake | O53: =O39*$O$42 -> 13537161 | P53: =P39*$O$42 -> 15375246 | Q53: =Q39*$O$42 -> 11132931 | R53: =R39*$O$42 -> 7679369 | S53: =S39*$O$42 -> 10100855
A54: goosefish | B54: 0.3 | C54: 3.3 | D54: 0 | E54: 0.5 | F54: 1 | G54: 1.2 | H54: 1.4 | I54: Fecundity = 4,495.04(TLmm) - 2,403,814.8; 3.5M fogBigelowSchroeder | N54: goosefish | O54: =O40*$O$42 -> 1054952 | P54: =P40*$O$42 -> 1073452.9 | Q54: =Q40*$O$42 -> 887141.29 | R54: =R40*$O$42 -> 940030.85 | S54: =S40*$O$42 -> 409328.31
B56: recruitment=(rec_alpha*EggProd(t-1)^rec_shape)*exp(-rec_beta*EggProd(t-1)+covariates) | N56: round to nearest whole number
A57: recruitment | B57: alpha | C57: shape | D57: beta | E57: lm_alpha | F57: lm_beta | G57: maxReggprod | H57: maxR | N57: spinydog | O57: =ROUND(O45,0) -> 4403580 | P57: =ROUND(P45,0) -> 3976466 | Q57: =ROUND(Q45,0) -> 2946116 | R57: =ROUND(R45,0) -> 1865818 | S57: =ROUND(S45,0) -> 819665
A58: spinydog | B58: 30 | C58: 0.8 | D58: =C58/G58 -> 0.0026666667 | E58: =EXP($J$65-ABS($J$66*LOG(C17))) -> 604.31755 | F58: =EXP($L$65-$L$66*LOG(G58)) -> 0.11102479 | G58: 300 | H58: =B58*(G58^C58)*EXP(-D58*G58) -> 1292.3575 | I58: these are invented input parameters | N58: winterskate | O58: =ROUND(O46,0) -> 11686965 | P58: =ROUND(P46,0) -> 13141996 | Q58: =ROUND(Q46,0) -> 11827867 | R58: =ROUND(R46,0) -> 10231659 | S58: =ROUND(S46,0) -> 11213381
A59: winterskate | B59: 10 | C59: 0.7 | D59: =C59/G59 -> 0.00023333333 | E59: =EXP($J$65-ABS($J$66*LOG(C18))) -> 529.72478 | F59: =EXP($L$65-$L$66*LOG(G59)) -> 0.043006595 | G59: 3000 | H59: =B59*(G59^C59)*EXP(-D59*G59) -> 1348.8969 | I59: used following methods | N59: Aherring | O59: =ROUND(O47,0) -> 122923250 | P59: =ROUND(P47,0) -> 122923250 | Q59: =ROUND(Q47,0) -> 130777136 | R59: =ROUND(R47,0) -> 130777136 | S59: =ROUND(S47,0) -> 272431378
A60: Aherring | B60: 0.5 | C60: 0.5 | D60: =C60/G60 -> 5e-11 | E60: =EXP($J$65-ABS($J$66*LOG(C19))) -> 1723.3353 | F60: =EXP($L$65-$L$66*LOG(G60)) -> 8.848301e-05 | G60: 10000000000 | H60: =B60*(G60^C60)*EXP(-D60*G60) -> 30326.533 | I60: shape/beta=eggprod at max R, get to eggprod order of magnitude | N60: Acod | O60: =ROUND(O48,0) -> 7524274 | P60: =ROUND(P48,0) -> 6475629 | Q60: =ROUND(Q48,0) -> 4276626 | R60: =ROUND(R48,0) -> 5049759 | S60: =ROUND(S48,0) -> 1606118
A61: Acod | B61: 0.001 | C61: 0.5 | D61: =C61/G61 -> 6.25e-14 | E61: =EXP($J$65-ABS($J$66*LOG(C20))) -> 408.60077 | F61: =EXP($L$65-$L$66*LOG(G61)) -> 5.6379471e-06 | G61: 8000000000000 | H61: =B61*(G61^C61)*EXP(-D61*G61) -> 1715.5278 | I61: keep curves somewhat flat, shape<1 | N61: haddock | O61: =ROUND(O49,0) -> 12957077 | P61: =ROUND(P49,0) -> 32035115 | Q61: =ROUND(Q49,0) -> 59682624 | R61: =ROUND(R49,0) -> 58806217 | S61: =ROUND(S49,0) -> 72545692
A62: haddock | B62: 0.02 | C62: 0.5 | D62: =C62/G62 -> 5.5555556e-12 | E62: =EXP($J$65-ABS($J$66*LOG(C21))) -> 818.28156 | F62: =EXP($L$65-$L$66*LOG(G62)) -> 3.5794955e-05 | G62: 90000000000 | H62: =B62*(G62^C62)*EXP(-D62*G62) -> 3639.184 | I62: scale to range of init bin 1 with alpha | N62: yellowtailfl | O62: =ROUND(O50,0) -> 11902818 | P62: =ROUND(P50,0) -> 20248411 | Q62: =ROUND(Q50,0) -> 22744696 | R62: =ROUND(R50,0) -> 27249665 | S62: =ROUND(S50,0) -> 67500921
A63: yellowtailfl | B63: 0.005 | C63: 0.5 | D63: =C63/G63 -> 2.9411765e-13 | E63: =EXP($J$65-ABS($J$66*LOG(C22))) -> 1207.0885 | F63: =EXP($L$65-$L$66*LOG(G63)) -> 1.0670179e-05 | G63: 1700000000000 | H63: =B63*(G63^C63)*EXP(-D63*G63) -> 3954.0961 | N63: winterfl | O63: =ROUND(O51,0) -> 5789208 | P63: =ROUND(P51,0) -> 8618024 | Q63: =ROUND(Q51,0) -> 9494266 | R63: =ROUND(R51,0) -> 11272898 | S63: =ROUND(S51,0) -> 16148656
A64: winterfl | B64: 0.03 | C64: 0.4 | D64: =C64/G64 -> 1.1428571e-12 | E64: =EXP($J$65-ABS($J$66*LOG(C23))) -> 1325.9571 | F64: =EXP($L$65-$L$66*LOG(G64)) -> 2.0458868e-05 | G64: 350000000000 | H64: =B64*(G64^C64)*EXP(-D64*G64) -> 833.74008 | I64: these are in LeMANS | N64: Amackerel | O64: =ROUND(O52,0) -> 17299207 | P64: =ROUND(P52,0) -> 22051843 | Q64: =ROUND(Q52,0) -> 19887867 | R64: =ROUND(R52,0) -> 17785968 | S64: =ROUND(S52,0) -> 16115555
A65: Amackerel | B65: 0.025 | C65: 0.5 | D65: =C65/G65 -> 1.4285714e-11 | E65: =EXP($J$65-ABS($J$66*LOG(C24))) -> 1308.7337 | F65: =EXP($L$65-$L$66*LOG(G65)) -> 5.2816119e-05 | G65: 35000000000 | H65: =B65*(G65^C65)*EXP(-D65*G65) -> 2836.7874 | I65: alpha_int | J65: 11 | K65: beta_int | L65: 0.1513 | N65: silverhake | O65: =ROUND(O53,0) -> 13537161 | P65: =ROUND(P53,0) -> 15375246 | Q65: =ROUND(Q53,0) -> 11132931 | R65: =ROUND(R53,0) -> 7679369 | S65: =ROUND(S53,0) -> 10100855
A66: silverhake | B66: 0.02 | C66: 0.5 | D66: =C66/G66 -> 5.5555556e-12 | E66: =EXP($J$65-ABS($J$66*LOG(C25))) -> 923.15978 | F66: =EXP($L$65-$L$66*LOG(G66)) -> 3.5794955e-05 | G66: 90000000000 | H66: =B66*(G66^C66)*EXP(-D66*G66) -> 3639.184 | I66: alpha_exp | J66: -2.298 | K66: beta_exp | L66: 0.9484 | N66: goosefish | O66: =ROUND(O54,0) -> 1054952 | P66: =ROUND(P54,0) -> 1073453 | Q66: =ROUND(Q54,0) -> 887141 | R66: =ROUND(R54,0) -> 940031 | S66: =ROUND(S54,0) -> 409328
A67: goosefish | B67: 1 | C67: 0.5 | D67: =C67/G67 -> 0.000625 | E67: =EXP($J$65-ABS($J$66*LOG(C26))) -> 479.78999 | F67: =EXP($L$65-$L$66*LOG(G67)) -> 0.07412588 | G67: 800 | H67: =B67*(G67^C67)*EXP(-D67*G67) -> 17.155278 | I67: hake=haddock, goosefish=searaven
N68: values | O68: 4403580 | P68: 3976466 | Q68: 2946116 | R68: 1865818 | S68: 819665 | U68: =SUM(O68:S68) -> 14011645
B69: length=growth_psi*age^growth_kappa*exp(covariates) | O69: 11686965 | P69: 13141996 | Q69: 11827867 | R69: 10231659 | S69: 11213381 | U69: =SUM(O69:S69) -> 58101868
B70: psi | C70: kappa | E70: n ages in data | O70: 122923250 | P70: 122923250 | Q70: 130777136 | R70: 130777136 | S70: 272431378 | U70: =SUM(O70:S70) -> 779832150
A71: spinydog | B71: =EXP(2.423098) -> 11.280753 | C71: 0.688187 | D71: ! | E71: 0 | F71: !refit to vonB curves from pars above, assuming t0=0 | O71: 7524274 | P71: 6475629 | Q71: 4276626 | R71: 5049759 | S71: 1606118 | U71: =SUM(O71:S71) -> 24932406
A72: winterskate | B72: =EXP(2.93271) -> 18.778451 | C72: 0.59567 | D72: ! | E72: 0 | F72: *or just fit to length at age data from surveys | O72: 12957077 | P72: 32035115 | Q72: 59682624 | R72: 58806217 | S72: 72545692 | U72: =SUM(O72:S72) -> 236026725
A73: Aherring | B73: 11.652115 | C73: 0.45643656 | D73: * | E73: 7878 | F73: see text file with R transcript | O73: 11902818 | P73: 20248411 | Q73: 22744696 | R73: 27249665 | S73: 67500921 | U73: =SUM(O73:S73) -> 149646511
A74: Acod | B74: 22.317309 | C74: 0.73485937 | D74: * | E74: 18157 | F74: now see lenage_fits.r for full program and GBlenage_GrowthPars.csv for output | O74: 5789208 | P74: 8618024 | Q74: 9494266 | R74: 11272898 | S74: 16148656 | U74: =SUM(O74:S74) -> 51323052
A75: haddock | B75: 23.060325 | C75: 0.50207065 | D75: * | E75: 31792 | F75: query Gblenage.sql | O75: 17299207 | P75: 22051843 | Q75: 19887867 | R75: 17785968 | S75: 16115555 | U75: =SUM(O75:S75) -> 93140440
A76: yellowtailfl | B76: 16.001051 | C76: 0.61889814 | D76: * | E76: 27093 | O76: 13537161 | P76: 15375246 | Q76: 11132931 | R76: 7679369 | S76: 10100855 | U76: =SUM(O76:S76) -> 57825562
A77: winterfl | B77: 17.769256 | C77: 0.55288634 | D77: * | E77: 7583 | O77: 1054952 | P77: 1073453 | Q77: 887141 | R77: 940031 | S77: 409328 | U77: =SUM(O77:S77) -> 4364905
A78: Amackerel | B78: 20.482926 | C78: 0.26327238 | D78: * | E78: 2366 | N78: INPUT millions of fish for N units | U78: mat
A79: silverhake | B79: 13.779933 | C79: 0.64862125 | D79: * | E79: 20175 | O79: =O68/100000 -> 44.0358 | P79: =P68/100000 -> 39.76466 | Q79: =Q68/100000 -> 29.46116 | R79: =R68/100000 -> 18.65818 | S79: =S68/100000 -> 8.19665
A80: goosefish | B80: 9.1808472 | C80: 0.95559072 | D80: * | E80: 661 | O80: =O69/100000 -> 116.86965 | P80: =P69/100000 -> 131.41996 | Q80: =Q69/100000 -> 118.27867 | R80: =R69/100000 -> 102.31659 | S80: =S69/100000 -> 112.13381
E81: =SUM(E71:E80) -> 115705 | F81: tot ages | O81: =O70/100000 -> 1229.2325 | P81: =P70/100000 -> 1229.2325 | Q81: =Q70/100000 -> 1307.7714 | R81: =R70/100000 -> 1307.7714 | S81: =S70/100000 -> 2724.3138
O82: =O71/100000 -> 75.24274 | P82: =P71/100000 -> 64.75629 | Q82: =Q71/100000 -> 42.76626 | R82: =R71/100000 -> 50.49759 | S82: =S71/100000 -> 16.06118
O83: =O72/100000 -> 129.57077 | P83: =P72/100000 -> 320.35115 | Q83: =Q72/100000 -> 596.82624 | R83: =R72/100000 -> 588.06217 | S83: =S72/100000 -> 725.45692
B84: intake=24*(intake_alpha*exp(intake_beta*temperature)*mean_daily_stomwt | O84: =O73/100000 -> 119.02818 | P84: =P73/100000 -> 202.48411 | Q84: =Q73/100000 -> 227.44696 | R84: =R73/100000 -> 272.49665 | S84: =S73/100000 -> 675.00921
B85: alpha | C85: beta | O85: =O74/100000 -> 57.89208 | P85: =P74/100000 -> 86.18024 | Q85: =Q74/100000 -> 94.94266 | R85: =R74/100000 -> 112.72898 | S85: =S74/100000 -> 161.48656
A86: spinydog | B86: 0.002 | C86: 0.11 | E86: from Link, used in Butterfish appendix | O86: =O75/100000 -> 172.99207 | P86: =P75/100000 -> 220.51843 | Q86: =Q75/100000 -> 198.87867 | R86: =R75/100000 -> 177.85968 | S86: =S75/100000 -> 161.15555
A87: winterskate | B87: 0.002 | C87: 0.11 | O87: =O76/100000 -> 135.37161 | P87: =P76/100000 -> 153.75246 | Q87: =Q76/100000 -> 111.32931 | R87: =R76/100000 -> 76.79369 | S87: =S76/100000 -> 101.00855
A88: Aherring | B88: 0.004 | C88: 0.11 | E88: stomach weights from FoodHabits18spp_197376.xlsx | O88: =O77/100000 -> 10.54952 | P88: =P77/100000 -> 10.73453 | Q88: =Q77/100000 -> 8.87141 | R88: =R77/100000 -> 9.40031 | S88: =S77/100000 -> 4.09328
A89: Acod | B89: 0.004 | C89: 0.11 | E89: direct data for cod, haddock, yellowtail, silverhake
A90: haddock | B90: 0.004 | C90: 0.11 | E90: used proxies for other species (dogfish=goosefish)
A91: yellowtailfl | B91: 0.004 | C91: 0.11 | E91: redo with database query
A92: winterfl | B92: 0.004 | C92: 0.11
A93: Amackerel | B93: 0.004 | C93: 0.11
A94: silverhake | B94: 0.004 | C94: 0.11
A95: goosefish | B95: 0.004 | C95: 0.11
B98: fishery selectivity = 1/(1+exp(-(sel_c+sel_d*lbinmidpt)))
A99: trawl(fleet1) | B99: sel_c | C99: sel_d | D99: alpha2 | E99: SF | F99: mesh size | G99: source | H99: L50 | J99: from DeAlteris and Grogan 1997 Tech Report
A100: spinydog | B100: -12.903 | C100: 0.25 | G100: cod | H100: =B100/-C100 -> 51.612 | J100: sel= 1/(1+exp(-alpha2*(len-L50)))
A101: winterskate | B101: -10 | C101: 0.25 | G101: ! | H101: =B101/-C101 -> 40 | J101: their alpha2 (curve steepness) is our sel_d
A102: Aherring | B102: -4 | C102: 0.25 | G102: ! | H102: =B102/-C102 -> 16 | J102: their SelectionFactor SF is L50% selection/avg mesh or hook size
A103: Acod | B103: =-C103*E103*F103 -> -12.903 | C103: =D103 -> 0.25 | D103: 0.25 | E103: 3.74 | F103: =AVERAGE(10.5,13.5,13.5,13.5,14,15.5,14,15.2,13,14,15.5,13,14,15.5,14,9,14,15.5,15.5,12,13.5,13.7,13.7,13.7,13.8,13.8,13.8,14.1,14.1,14.1,14.3,14.3) -> 13.8 | G103: p 37 | H103: =B103/-C103 -> 51.612 | J103: our sel_c is -alpha2*L50
...

Sheet just10_newset_hydra_sim_MAB
B1: 9.8765333 | C1: 9.8765333 | D1: 9.8765333 | E1: 9.8765333 | F1: 9.8765333 | G1: 9.8765333 | H1: 9.8765333 | I1: 9.8765333 | J1: 9.8765333 | K1: 9.8765333 | L1: 9.8765333 | M1: 9.8765333 | N1: 9.8765333 | O1: 9.8765333 | P1: 9.8765333 | Q1: binwidth | R1: max Linf determined n size classes, all other in same
A2: init n at size | B2: 10 | C2: 20 | D2: 30 | E2: 40 | F2: 50 | G2: 60 | H2: 70 | I2: 80 | J2: 90 | K2: 100 | L2: 110 | M2: 120 | N2: 130 | O2: 140 | P2: 150 | Q2: use | R2: =148*1.001 -> 148.148 | S2: maxsize
A3: spinydog | B3: 0.66268858 | C3: 0.78275415 | D3: 0.6947107 | E3: 0.61053492 | F3: 0.52648703 | G3: 0.44055388 | H3: 0.35183219 | I3: 0.26060896 | J3: 0.16915631 | K3: 0.085657368 | L3: 0.014235365 | M3: 0 | N3: 0 | O3: 0 | P3: 0 | Q3: 1 | R3: 15 | S3: nsc | T3: n size classes
A4: littleskate | B4: 2.6402269 | C4: 4.7836717 | D4: 5.3512422 | E4: 6.3066725 | F4: 8.5388107 | G4: 11.161203 | H4: 0 | I4: 0 | J4: 0 | K4: 0 | L4: 0 | M4: 0 | N4: 0 | O4: 0 | P4: 0 | Q4: 1 | R4: =R2/R3 -> 9.8765333 | S4: 10 cm wide bins (approx)
A5: Aherring | B5: 80.697299 | C5: 85.853259 | D5: 58.989363 | E5: 30.434226 | F5: 0 | G5: 0 | H5: 0 | I5: 0 | J5: 0 | K5: 0 | L5: 0 | M5: 0 | N5: 0 | O5: 0 | P5: 0 | Q5: 1
A6: summerfl | B6: 0.0018852206 | C6: 0.0039069684 | D6: 0.0038549237 | E6: 0.003832133 | F6: 0.0038114598 | G6: 0.0037756335 | H6: 0.00370799 | I6: 0.0035849627 | J6: 0.0033785349 | K6: 0.0030581133 | L6: 0.0025956259 | M6: 0.0019734295 | N6: 0.0012000765 | O6: 0.0005287084 | P6: 0
A7: bluefish
A8: stripedbass
A9: butterfish
A10: Amackerel | B10: 5.678337 | C10: 7.2383546 | D10: 6.5280456 | E10: 5.8381126 | F10: 5.2898121 | G10: 0 | H10: 0 | I10: 0 | J10: 0 | K10: 0 | L10: 0 | M10: 0 | N10: 0 | O10: 0 | P10: 0 | Q10: 1
A11: silverhake | B11: 4.4434732 | C11: 5.0468111 | D11: 3.6543024 | E11: 2.5206962 | F11: 1.6896202 | G11: 1.0732097 | H11: 0.5527011 | I11: 0 | J11: 0 | K11: 0 | L11: 0 | M11: 0 | N11: 0 | O11: 0 | P11: 0 | Q11: 1 | X11: a | Y11: b
A12: goosefish | B12: 0.14683387 | C12: 0.19944634 | D12: 0.18371622 | E12: 0.16863678 | F12: 0.15346564 | G12: 0.13773194 | H12: 0.12109972 | I12: 0.10330729 | J12: 0.084151179 | K12: 0.063570465 | L12: 0.042037881 | M12: 0.021529943 | N12: 0.0072207089 | O12: 0 | P12: 0 | Q12: 1 | U12: need to fit to maturity data | X12: propmat=1/(1+exp(-(mat_nu+mat_omega*lbinmidpt)))
N13: binwidth | U13: used as first approximations | X13: mat dat Obrien et al 1993 (avg male and female)
A14: params | B14: vonB_k | C14: Linf | D14: L50mat | E14: kappamat | F14: lwt_a | G14: lwt_b | H14: maxSSB | I14: fished? | J14: inMSprod | K14: maxsize | L14: maxbin | M14: use | T14: L50matbin | U14: mat_nu | V14: mat_omega | X14: mat_nu | Y14: mat_omega | AA14: L50mat
A15: spinydog | B15: 0.1 | C15: 99.99 | D15: 79.99 | E15: 0.587 | F15: 0.003 | G15: 3.122 | H15: 16.125 | I15: 1 | J15: 1 | K15: =C15*1.01 -> 100.9899 | L15: =SUM(N15:R15) -> 110 | M15: 1 | N15: 20 | O15: 20 | P15: 20 | Q15: 20 | R15: 30 | T15: 4 | U15: -5 | V15: 0.1 | W15: spinydog
A16: littleskate | B16: 0.352 | C16: 53 | D16: 49.99 | E16: 0.587 | F16: 0.005 | G16: 3.141 | H16: 24.51 | I16: 1 | J16: agg | K16: =C16*1.01 -> 53.53 | L16: =SUM(N16:R16) -> 60 | M16: 1 | N16: 10 | O16: 10 | P16: 10 | Q16: 10 | R16: 20 | T16: 5 | U16: -5 | V16: 0.1 | W16: littleskate
A17: Aherring | B17: 0.28 | C17: 34.99 | D17: 25 | E17: 0.587 | F17: 0.01 | G17: 2.99 | H17: 101.91 | I17: 1 | J17: 1 | K17: =C17*1.01 -> 35.3399 | L17: =SUM(N17:R17) -> 40 | M17: 1 | N17: 5 | O17: 5 | P17: 10 | Q17: 10 | R17: 10 | T17: 5 | U17: -5 | V17: 0.2 | W17: Aherring | X17: =AVERAGE(-28.484,-40.461) -> -34.4725 | Y17: =AVERAGE(1.123,1.597) -> 1.36 | Z17: All | AA17: =AVERAGE(25.4,25.3) -> 25.35
A18: summerfl | B18: 0.173 | C18: 137 | D18: 26 | E18: 0.306 | F18: 0.007 | G18: 3.278 | H18: 0.43 | I18: 1 | J18: 0 | K18: =C18*1.01 -> 138.37 | L18: =SUM(N18:R18) -> 140 | M18: 1 | N18: 20 | O18: 20 | P18: 20 | Q18: 40 | R18: 40 | T18: 3 | U18: -5 | V18: 0.16 | W18: summerfl
A19: bluefish | L19: =SUM(N19:R19) -> 0 | M19: 1 | T19: 3 | U19: -5 | V19: 0.13 | W19: bluefish
A20: stripedbass | L20: =SUM(N20:R20) -> 0 | M20: 1 | T20: 3 | U20: -5 | V20: 0.2 | W20: stripedbass
A21: butterfish | L21: =SUM(N21:R21) -> 0 | M21: 1 | T21: 3 | U21: -5 | V21: 0.2 | W21: butterfish
A22: Amackerel | B22: 0.243 | C22: 46.1 | D22: 29.99 | E22: 0.641 | F22: 0.007 | G22: 3.319 | H22: 23.87 | I22: 1 | J22: 1 | K22: =C22*1.01 -> 46.561 | L22: =SUM(N22:R22) -> 50 | M22: 1 | N22: 10 | O22: 10 | P22: 10 | Q22: 10 | R22: 10 | T22: 3 | U22: -5 | V22: 0.2 | W22: Amackerel | X22: =AVERAGE(-16.475,-17.102) -> -16.7885 | Y22: =AVERAGE(0.641,0.658) -> 0.6495 | Z22: All | AA22: =AVERAGE(25.7,26) -> 25.85
A23: silverhake | B23: 0.18 | C23: 65.4 | D23: 23 | E23: 0.587 | F23: 0.007 | G23: 3.05 | H23: 25.8 | I23: 1 | J23: 0 | K23: =C23*1.01 -> 66.054 | L23: =SUM(N23:R23) -> 70 | M23: 1 | N23: 10 | O23: 10 | P23: 10 | Q23: 20 | R23: 20 | T23: 3 | U23: -5 | V23: 0.2 | W23: silverhake | X23: =AVERAGE(-11.963, -14.369) -> -13.166 | Y23: =AVERAGE(0.519, 0.646) -> 0.5825 | Z23: GOMNGB | AA23: =AVERAGE(23.1, 22.3) -> 22.7 | AB23: silver hake stock also splits GB in half. Using northern which includes GOM
A24: goosefish | B24: 0.108 | C24: 126 | D24: 49 | E24: 0.587 | F24: 0.02 | G24: 2.897 | H24: 6.45 | I24: 1 | J24: 0 | K24: =C24*1.01 -> 127.26 | L24: =SUM(N24:R24) -> 130 | M24: 1 | N24: 20 | O24: 20 | P24: 20 | Q24: 30 | R24: 40 | T24: 2 | U24: -5 | V24: 0.3 | W24: goosefish | X24: =AVERAGE(-9.765, -11.571) -> -10.668 | Y24: =AVERAGE(0.252,0.325) -> 0.2885 | Z24: NMA | AA24: =AVERAGE(38.8, 35.6) -> 37.2 | AB24: Richards et al 2008 | AD24: averaging M and F probably makes no sense
B25: *use my fitted parameters instead--see MABlenage_growthpars.csv | AB25: goosefish >70 cm all F? (size specific sex ratio needed in code?)
O26: for smaller bins, divide in half to approximate | X26: used these from Obrien | AB26: also, goosefish stock structure splits GB in half. Awesome.
O27: Initial n at size (sum bins above assuming they are 10 cm) | AB27: using Northern goosefish stock info (includes GOM).
A28: foodweb | B28: preds-> | O28: bin1 | P28: bin2 | Q28: bin3 | R28: bin4 | S28: bin5
A29: prey | B29: spinydog | C29: littleskate | D29: Aherring | E29: summerfl | F29: bluefish | G29: stripedbass | H29: butterfish | I29: Amackerel | J29: silverhake | K29: goosefish | N29: spinydog | O29: =SUM(B3:C3) -> 1.4454427 | P29: =SUM(D3:E3) -> 1.3052456 | Q29: =SUM(F3:G3) -> 0.96704091 | R29: =SUM(H3:I3) -> 0.61244115 | S29: =SUM(J3:L3) -> 0.26904904
A30: spinydog | B30: 1 | C30: 0 | D30: 0 | I30: 0 | J30: 0 | K30: 1 | N30: littleskate | O30: =SUM(#REF!) -> #REF! | P30: =SUM(#REF!) -> #REF! | Q30: =SUM(#REF!) -> #REF! | R30: =SUM(#REF!) -> #REF! | S30: =SUM(#REF!) -> #REF!
A31: littleskate | N31: Aherring | O31: =B5/2 -> 40.34865 | P31: =B5/2 -> 40.34865 | Q31: =C5 -> 85.853259 | R31: =D5 -> 58.989363 | S31: =E5 -> 30.434226
A32: Aherring | B32: 1 | C32: 1 | D32: 0 | I32: 0 | J32: 1 | K32: 1 | N32: summerfl | O32: =#REF!+#REF! -> #REF! | P32: =#REF!+#REF! -> #REF! | Q32: =SUM(#REF!) -> #REF! | R32: =SUM(#REF!) -> #REF! | S32: =SUM(#REF!) -> #REF!
A33: summerfl | N33: bluefish | O33: =#REF! -> #REF! | P33: =#REF! -> #REF! | Q33: =SUM(#REF!) -> #REF! | R33: =SUM(#REF!) -> #REF! | S33: =SUM(#REF!) -> #REF!
A34: bluefish | N34: stripedbass | O34: =#REF! -> #REF! | P34: =#REF! -> #REF! | Q34: =#REF! -> #REF! | R34: =#REF! -> #REF! | S34: =SUM(#REF!) -> #REF!
A35: stripedbass | N35: butterfish | O35: =#REF! -> #REF! | P35: =#REF! -> #REF! | Q35: =#REF! -> #REF! | R35: =#REF! -> #REF! | S35: =#REF! -> #REF!
A36: butterfish | N36: Amackerel | O36: =B10 -> 5.678337 | P36: =C10 -> 7.2383546 | Q36: =D10 -> 6.5280456 | R36: =E10 -> 5.8381126 | S36: =F10 -> 5.2898121
A37: Amackerel | B37: 1 | C37: 1 | D37: 0 | I37: 0 | J37: 1 | K37: 1 | N37: silverhake | O37: =B11 -> 4.4434732 | P37: =C11 -> 5.0468111 | Q37: =D11 -> 3.6543024 | R37: =SUM(E11:F11) -> 4.2103164 | S37: =SUM(G11:H11) -> 1.6259108
A38: silverhake | B38: 1 | C38: 1 | D38: 0 | I38: 0 | J38: 1 | K38: 1 | N38: goosefish | O38: =SUM(B12:C12) -> 0.34628021 | P38: =SUM(D12:E12) -> 0.352353 | Q38: =SUM(F12:G12) -> 0.29119758 | R38: =SUM(H12:J12) -> 0.30855819 | S38: =SUM(K12:N12) -> 0.134359
A39: goosefish | B39: 0 | C39: 0 | D39: 0 | I39: 0 | J39: 0 | K39: 1
N40: N_mult | O40: 3046527 | P40: convert catch per tow to total N (from Jason's data) used in LeMANS
B41: fecundity=theta*(d*lbinmidpt^h)
A42: fecundity | B42: d | C42: h | D42: theta | N42: yr1N | O42: bin1 | P42: bin2 | Q42: bin3 | R42: bin4 | S42: bin5
A43: spinydog | B43: 0.5 | C43: 0.5 | D43: 0 | E43: 0 | F43: 0 | G43: 1 | H43: 3 | I43: (2-15 pups/every other yr) | N43: spinydog | O43: =O29*$O$40 -> 4403580.3 | P43: =P29*$O$40 -> 3976466 | Q43: =Q29*$O$40 -> 2946116.2 | R43: =R29*$O$40 -> 1865818.5 | S43: =S29*$O$40 -> 819665.17
A44: littleskate | N44: littleskate | O44: =O30*$O$40 -> #REF! | P44: =P30*$O$40 -> #REF! | Q44: =Q30*$O$40 -> #REF! | R44: =R30*$O$40 -> #REF! | S44: =S30*$O$40 -> #REF!
A45: Aherring | B45: 0.00316 | C45: 5 | D45: 0 | E45: 0 | F45: 0 | G45: 1 | H45: 1 | I45: range 30-160K eggs, Kelly and Stevenson 1985 | N45: Aherring | O45: =O31*$O$40 -> 1.2292325e+08 | P45: =P31*$O$40 -> 1.2292325e+08 | Q45: =Q31*$O$40 -> 2.6155427e+08 | R45: =R31*$O$40 -> 1.7971269e+08 | S45: =S31*$O$40 -> 92718691
A46: summerfl | N46: summerfl | O46: =O32*$O$40 -> #REF! | P46: =P32*$O$40 -> #REF! | Q46: =Q32*$O$40 -> #REF! | R46: =R32*$O$40 -> #REF! | S46: =S32*$O$40 -> #REF!
A47: bluefish | N47: bluefish | O47: =O33*$O$40 -> #REF! | P47: =P33*$O$40 -> #REF! | Q47: =Q33*$O$40 -> #REF! | R47: =R33*$O$40 -> #REF! | S47: =S33*$O$40 -> #REF!
A48: stripedbass | N48: stripedbass | O48: =O34*$O$40 -> #REF! | P48: =P34*$O$40 -> #REF! | Q48: =Q34*$O$40 -> #REF! | R48: =R34*$O$40 -> #REF! | S48: =S34*$O$40 -> #REF!
A49: butterfish | N49: butterfish | O49: =O35*$O$40 -> #REF! | P49: =P35*$O$40 -> #REF! | Q49: =Q35*$O$40 -> #REF! | R49: =R35*$O$40 -> #REF! | S49: =S35*$O$40 -> #REF!
A50: Amackerel | B50: 1.098 | C50: 3.5 | D50: 0 | E50: 1 | F50: 1 | G50: 1 | H50: 1.8 | I50: range 400K-1.9M (Morse 1980) h adjusted for cm | N50: Amackerel | O50: =O36*$O$40 -> 17299207 | P50: =P36*$O$40 -> 22051843 | Q50: =Q36*$O$40 -> 19887867 | R50: =R36*$O$40 -> 17785968 | S50: =S36*$O$40 -> 16115555
A51: silverhake | B51: 0.5 | C51: 3.5 | D51: 0 | E51: 0 | F51: 1 | G51: 1.5 | H51: 1.5 | I51: 300-400K for 25-35 cm (B&S excerpt) | N51: silverhake | O51: =O37*$O$40 -> 13537161 | P51: =P37*$O$40 -> 15375246 | Q51: =Q37*$O$40 -> 11132931 | R51: =R37*$O$40 -> 12826843 | S51: =S37*$O$40 -> 4953381.2
A52: goosefish | B52: 0.3 | C52: 3.3 | D52: 0 | E52: 0.5 | F52: 1 | G52: 1.2 | H52: 1.4 | I52: Fecundity = 4,495.04(TLmm) - 2,403,814.8; 3.5M fogBigelowSchroeder | N52: goosefish | O52: =O38*$O$40 -> 1054952 | P52: =P38*$O$40 -> 1073452.9 | Q52: =Q38*$O$40 -> 887141.29 | R52: =R38*$O$40 -> 940030.85 | S52: =S38*$O$40 -> 409328.31
B54: recruitment=(rec_alpha*EggProd(t-1)^rec_shape)*exp(-rec_beta*EggProd(t-1)+covariates) | N54: round to nearest whole number
A55: recruitment | B55: alpha | C55: shape | D55: beta | E55: lm_alpha | F55: lm_beta | G55: maxReggprod | H55: maxR | N55: spinydog | O55: =ROUND(O43,0) -> 4403580 | P55: =ROUND(P43,0) -> 3976466 | Q55: =ROUND(Q43,0) -> 2946116 | R55: =ROUND(R43,0) -> 1865818 | S55: =ROUND(S43,0) -> 819665
A56: spinydog | B56: 30 | C56: 0.8 | D56: =C56/G56 -> 0.0026666667 | E56: =EXP($J$63-ABS($J$64*LOG(C15))) -> 604.31755 | F56: =EXP($L$63-$L$64*LOG(G56)) -> 0.11102479 | G56: 300 | H56: =B56*(G56^C56)*EXP(-D56*G56) -> 1292.3575 | I56: these are invented input parameters | N56: littleskate | O56: =ROUND(O44,0) -> #REF! | P56: =ROUND(P44,0) -> #REF! | Q56: =ROUND(Q44,0) -> #REF! | R56: =ROUND(R44,0) -> #REF! | S56: =ROUND(S44,0) -> #REF!
A57: littleskate | I57: used following methods | N57: Aherring | O57: =ROUND(O45,0) -> 122923250 | P57: =ROUND(P45,0) -> 122923250 | Q57: =ROUND(Q45,0) -> 261554272 | R57: =ROUND(R45,0) -> 179712687 | S57: =ROUND(S45,0) -> 92718691
A58: Aherring | B58: 0.5 | C58: 0.5 | D58: =C58/G58 -> 5e-11 | E58: =EXP($J$63-ABS($J$64*LOG(C17))) -> 1723.3353 | F58: =EXP($L$63-$L$64*LOG(G58)) -> 8.848301e-05 | G58: 10000000000 | H58: =B58*(G58^C58)*EXP(-D58*G58) -> 30326.533 | I58: shape/beta=eggprod at max R, get to eggprod order of magnitude | N58: summerfl | O58: =ROUND(O46,0) -> #REF! | P58: =ROUND(P46,0) -> #REF! | Q58: =ROUND(Q46,0) -> #REF! | R58: =ROUND(R46,0) -> #REF! | S58: =ROUND(S46,0) -> #REF!
A59: summerfl | I59: keep curves somewhat flat, shape<1 | N59: bluefish | O59: =ROUND(O47,0) -> #REF! | P59: =ROUND(P47,0) -> #REF! | Q59: =ROUND(Q47,0) -> #REF! | R59: =ROUND(R47,0) -> #REF! | S59: =ROUND(S47,0) -> #REF!
A60: bluefish | I60: scale to range of init bin 1 with alpha | N60: stripedbass | O60: =ROUND(O48,0) -> #REF! | P60: =ROUND(P48,0) -> #REF! | Q60: =ROUND(Q48,0) -> #REF! | R60: =ROUND(R48,0) -> #REF! | S60: =ROUND(S48,0) -> #REF!
A61: stripedbass | N61: butterfish | O61: =ROUND(O49,0) -> #REF! | P61: =ROUND(P49,0) -> #REF! | Q61: =ROUND(Q49,0) -> #REF! | R61: =ROUND(R49,0) -> #REF! | S61: =ROUND(S49,0) -> #REF!
A62: butterfish | I62: these are in LeMANS | N62: Amackerel | O62: =ROUND(O50,0) -> 17299207 | P62: =ROUND(P50,0) -> 22051843 | Q62: =ROUND(Q50,0) -> 19887867 | R62: =ROUND(R50,0) -> 17785968 | S62: =ROUND(S50,0) -> 16115555
A63: Amackerel | B63: 0.025 | C63: 0.5 | D63: =C63/G63 -> 1.4285714e-11 | E63: =EXP($J$63-ABS($J$64*LOG(C22))) -> 1308.7337 | F63: =EXP($L$63-$L$64*LOG(G63)) -> 5.2816119e-05 | G63: 35000000000 | H63: =B63*(G63^C63)*EXP(-D63*G63) -> 2836.7874 | I63: alpha_int | J63: 11 | K63: beta_int | L63: 0.1513 | N63: silverhake | O63: =ROUND(O51,0) -> 13537161 | P63: =ROUND(P51,0) -> 15375246 | Q63: =ROUND(Q51,0) -> 11132931 | R63: =ROUND(R51,0) -> 12826843 | S63: =ROUND(S51,0) -> 4953381
A64: silverhake | E64: =EXP($J$63-ABS($J$64*LOG(C23))) -> 923.15978 | F64: =EXP($L$63-$L$64*LOG(G64)) -> 0.07412588 | G64: 800 | H64: =B64*(G64^C64)*EXP(-D64*G64) -> 0 | I64: alpha_exp | J64: -2.298 | K64: beta_exp | L64: 0.9484 | N64: goosefish | O64: =ROUND(O52,0) -> 1054952 | P64: =ROUND(P52,0) -> 1073453 | Q64: =ROUND(Q52,0) -> 887141 | R64: =ROUND(R52,0) -> 940031 | S64: =ROUND(S52,0) -> 409328
A65: goosefish | E65: =EXP($J$63-ABS($J$64*LOG(C24))) -> 479.78999 | F65: =EXP($L$63-$L$64*LOG(G65)) -> 2.350009e-05 | G65: 250000000000 | H65: =B65*(G65^C65)*EXP(-D65*G65) -> 0
N66: values | U66: =SUM(O66:S66) -> 0
B67: length=growth_psi*age^growth_kappa*exp(covariates) | U67: =SUM(O67:S67) -> 0
B68: psi | C68: kappa | E68: n ages in data | U68: =SUM(O68:S68) -> 0
A69: spinydog | B69: =EXP(2.423098) -> 11.280753 | C69: 0.688187 | D69: ! | E69: 0 | F69: !refit to vonB curves from pars above, assuming t0=0 | U69: =SUM(O69:S69) -> 0
A70: littleskate | E70: 0 | F70: *or just fit to length at age data from surveys | U70: =SUM(O70:S70) -> 0
A71: Aherring | B71: 12.624419 | C71: 0.40738908 | D71: * | E71: 8272 | F71: see text file with R transcript | U71: =SUM(O71:S71) -> 0
A72: summerfl | B72: 26.418884 | C72: 0.36128298 | D72: * | E72: 21342 | F72: now see lenage_fits.r for full program and MABlenage_GrowthPars.csv for output | U72: =SUM(O72:S72) -> 0
A73: bluefish | B73: 26.192522 | C73: 0.49677334 | D73: * | E73: 1945 | F73: query MABlenage.sql | U73: =SUM(O73:S73) -> 0
A74: stripedbass | E74: 0 | U74: =SUM(O74:S74) -> 0
A75: butterfish | B75: 10.689296 | C75: 0.38400991 | D75: * | E75: 14751 | U75: =SUM(O75:S75) -> 0
A76: Amackerel | B76: 18.967419 | C76: 0.35170264 | D76: * | E76: 6114 | N76: INPUT millions of fish for N units | U76: mat
A77: silverhake | B77: 11.783794 | C77: 0.81805309 | D77: * | E77: 10847 | O77: =O66/100000 -> 0 | P77: =P66/100000 -> 0 | Q77: =Q66/100000 -> 0 | R77: =R66/100000 -> 0 | S77: =S66/100000 -> 0
A78: goosefish | B78: 8.3518772 | C78: 0.98018086 | D78: * | E78: 2645 | O78: =O67/100000 -> 0 | P78: =P67/100000 -> 0 | Q78: =Q67/100000 -> 0 | R78: =R67/100000 -> 0 | S78: =S67/100000 -> 0
E79: =SUM(E69:E78) -> 65916 | F79: tot ages | O79: =O68/100000 -> 0 | P79: =P68/100000 -> 0 | Q79: =Q68/100000 -> 0 | R79: =R68/100000 -> 0 | S79: =S68/100000 -> 0
O80: =O69/100000 -> 0 | P80: =P69/100000 -> 0 | Q80: =Q69/100000 -> 0 | R80: =R69/100000 -> 0 | S80: =S69/100000 -> 0
O81: =O70/100000 -> 0 | P81: =P70/100000 -> 0 | Q81: =Q70/100000 -> 0 | R81: =R70/100000 -> 0 | S81: =S70/100000 -> 0
B82: intake=24*(intake_alpha*exp(intake_beta*temperature)*mean_daily_stomwt | O82: =O71/100000 -> 0 | P82: =P71/100000 -> 0 | Q82: =Q71/100000 -> 0 | R82: =R71/100000 -> 0 | S82: =S71/100000 -> 0
B83: alpha | C83: beta | O83: =O72/100000 -> 0 | P83: =P72/100000 -> 0 | Q83: =Q72/100000 -> 0 | R83: =R72/100000 -> 0 | S83: =S72/100000 -> 0
A84: spinydog | B84: 0.002 | C84: 0.11 | E84: from Link, used in Butterfish appendix | O84: =O73/100000 -> 0 | P84: =P73/100000 -> 0 | Q84: =Q73/100000 -> 0 | R84: =R73/100000 -> 0 | S84: =S73/100000 -> 0
A85: littleskate | B85: 0.002 | C85: 0.11 | O85: =O74/100000 -> 0 | P85: =P74/100000 -> 0 | Q85: =Q74/100000 -> 0 | R85: =R74/100000 -> 0 | S85: =S74/100000 -> 0
A86: Aherring | B86: 0.004 | C86: 0.11 | E86: stomach weights from FoodHabits18spp_197376.xlsx | O86: =O75/100000 -> 0 | P86: =P75/100000 -> 0 | Q86: =Q75/100000 -> 0 | R86: =R75/100000 -> 0 | S86: =S75/100000 -> 0
A87: summerfl | B87: 0.004 | C87: 0.11 | E87: direct data for cod, haddock, yellowtail
A88: bluefish | B88: 0.004 | C88: 0.11 | E88: used proxies for other species
A89: stripedbass | B89: 0.004 | C89: 0.11 | E89: redo with database query
A90: butterfish | B90: 0.004 | C90: 0.11
A91: Amackerel | B91: 0.004 | C91: 0.11
A92: silverhake | B92: 0.004 | C92: 0.11
A93: goosefish | B93: 0.004 | C93: 0.11
B96: fishery selectivity = 1/(1+exp(-(sel_c+sel_d*lbinmidpt)))
A97: trawl(fleet1) | B97: sel_c | C97: sel_d | D97: alpha2 | E97: SF | F97: mesh size | G97: source | H97: L50 | J97: from DeAlteris and Grogan 1997 Tech Report
A98: spinydog | B98: -12.903 | C98: 0.25 | G98: cod | H98: =B98/-C98 -> 51.612 | J98: sel= 1/(1+exp(-alpha2*(len-L50)))
A99: littleskate | G99: ! | H99: =B99/-C99 -> #DIV/0! | J99: their alpha2 (curve steepness) is our sel_d
A100: Aherring | B100: -4 | C100: 0.25 | G100: ! | H100: =B100/-C100 -> 16 | J100: their SelectionFactor SF is L50% selection/avg mesh or hook size
A101: summerfl | J101: our sel_c is -alpha2*L50
A102: bluefish | J102: they report SF (defined on p 11)
A103: stripedbass | J103: so sel_c = -d*SF*avg mesh or hook size
...

Sheet biomass Atlantis newsimGB
B1: spinydog | C1: winterskate | D1: Aherring | E1: Acod | F1: haddock | G1: yellowtailfl | H1: winterfl | I1: Amackerel | J1: silverhake | K1: goosefish
A2: relBio | B2: Spiny Dogfish | C2: Skates and rays | D2: Herring | E2: Cod | F2: Haddock | G2: YT | H2: Other demersal flatfish | I2: Mackerel | J2: Silver hake | K2: Goosefish | M2: initial bio from my mod | U2: placeholders
A3: Year | B3: RelSHB | C3: RelSSK | D3: RelFPS | E3: RelFDS | F3: RelFDO | G3: RelFDF | H3: RelFVB | I3: RelFPL | J3: RelFDB | K3: RelFDD | M3: spinydog | N3: winterskate | O3: Aherring | P3: Acod | Q3: haddock | R3: yellowtailfl | S3: winterfl | T3: Amackerel | U3: silverhake | V3: goosefish
A4: 1964 | B4: 1 | C4: 1 | D4: 1 | E4: 1 | F4: 1 | G4: 1 | H4: 1 | I4: 1 | J4: 1 | K4: 1 | M4: 322944 | N4: 9413770 | O4: 2994860 | P4: 2778160 | Q4: 15591200 | R4: 4914660 | S4: 1363490 | T4: 2136940 | U4: 5000000 | V4: 500000 | X4: 322944 | Y4: 318582.96 | Z4: 313505.32 | AA4: 311187.22 | AB4: 313237.27 | AC4: 321777.2 | AD4: 335764.23 | AE4: 355575.23 | AF4: 391881.24 | AG4: 420356.83 | AH4: 453098.18 | AI4: 489544.35 | AJ4: 526790.45 | AK4: 564224.18 | AL4: 603763.18 | AM4: 644112.13 | AN4: 685405.04 | AO4: 717264.44 | AP4: 744810.27 | AQ4: 767269.73 | AR4: 789731.13 | AS4: 979954.84 | AT4: 985479.76 | AU4: 1000515.4 | AV4: 1023820.6 | AW4: 1049917.4 | AX4: 1078689.5 | AY4: 1224782.9 | AZ4: 1201531.2 | BA4: 1187721.2 | BB4: 1173336 | BC4: 1164290.9 | BD4: 1156423.7 | BE4: 1203591.6 | BF4: 1187939.5 | BG4: 1174918.7 | BH4: 1164941.4 | BI4: 1200004.7 | BJ4: 1189195.4 | BK4: 1184021.9 | BL4: 1294204.9 | BM4: 1256708.2 | BN4: 1225214.3 | BO4: 1195731.5 | BP4: 1168301.3 | BQ4: 1144856.8 | BR4: 1123438.2 | BS4: 1104724.9 | BT4: 1093997 | BU4: 1076095.9 | BV4: 1134128 | BW4: 1138306.2
A5: 1965 | B5: 0.986496 | C5: 1.307166 | D5: 0.869667 | E5: 0.994792 | F5: 0.541689 | G5: 0.72628 | H5: 1.043081 | I5: 1.244889 | J5: 1.052892 | K5: 1.066374 | M5: =B5*M$4 -> 318582.96 | N5: =C5*N$4 -> 12305360 | O5: =D5*O$4 -> 2604530.9 | P5: =E5*P$4 -> 2763691.3 | Q5: =F5*Q$4 -> 8445581.5 | R5: =G5*R$4 -> 3569419.3 | S5: =H5*S$4 -> 1422230.5 | T5: =I5*T$4 -> 2660253.1 | ... V5: =K5*V$4 -> 533187 | X5: 9413770 | Y5: 12305360 | Z5: 14523527 | AA5: 16346230 | AB5: 17538089 | AC5: 18730475 | AD5: 19930617 | AE5: 20381857 | AF5: 21123267 | AG5: 21908064 | AH5: 21841161 | AI5: 22158913 | AJ5: 22389485 | AK5: 21541869 | AL5: 21308407 | AM5: 21106746 | AN5: 19753413 | AO5: 19068476 | AP5: 18336452 | AQ5: 16946255 | AR5: 16085422 | AS5: 15539141 | AT5: 14373547 | AU5: 13589342 | AV5: 12868605 | AW5: 12205122 | AX5: 11590940 | AY5: 11095728 | AZ5: 10650485 | BA5: 10228071 | BB5: 9914450.8 | BC5: 9593714.2 | BD5: 9226765.5 | BE5: 8993661.7 | BF5: 8695970 | BG5: 8469437.1 | BH5: 8215500.6 | BI5: 8037542.7 | BJ5: 7923579.6 | BK5: 7859274.2 | BL5: 7793980.3 | BM5: 7766567.4 | BN5: 7730183.1 | BO5: 7673258.1 | BP5: 7680214.8 | BQ5: 7663712.5 | BR5: 7639406.1 | BS5: 7647605.5 | BT5: 7695455.7 | BU5: 7708465.6 | BV5: 7723009.8 | BW5: 7760928.5
A6: 1966 | B6: 0.970773 | C6: 1.542796 | D6: 0.715139 | E6: 1.018937 | F6: 0.441508 | G6: 0.75197 | H6: 0.938271 | I6: 0.974857 | J6: 1.005508 | K6: 1.255846 | M6: =B6*M$4 -> 313505.32 | N6: =C6*N$4 -> 14523527 | O6: =D6*O$4 -> 2141741.2 | P6: =E6*P$4 -> 2830770 | Q6: =F6*Q$4 -> 6883639.5 | R6: =G6*R$4 -> 3695676.9 | S6: =H6*S$4 -> 1279323.1 | T6: =I6*T$4 -> 2083210.9 | ... V6: =K6*V$4 -> 627923 | X6: 2994860 | Y6: 2604530.9 | Z6: 2141741.2 | AA6: 1696510.3 | AB6: 1316184.1 | AC6: 1020148.1 | AD6: 796743.57 | AE6: 668707.32 | AF6: 542216.41 | AG6: 473550.26 | AH6: 448896.57 | AI6: 493717.65 | AJ6: 397879.13 | AK6: 340716.24 | AL6: 668887.01 | AM6: 1043678.8 | AN6: 1353107.7 | AO6: 1528923.9 | AP6: 1662839.1 | AQ6: 2168901.6 | AR6: 2146757.6 | AS6: 2110259.2 | AT6: 2066905.6 | AU6: 1997122.4 | AV6: 1918926.6 | AW6: 1844720 | AX6: 1774274.9 | AY6: 1854537.1 | AZ6: 1770558.2 | BA6: 1704440.7 | BB6: 2202171.5 | BC6: 2420113.4 | BD6: 2192195.6 | BE6: 2768020.3 | BF6: 2431449 | BG6: 2208835 | BH6: 1989204 | BI6: 2273224.5 | BJ6: 2071026.6 | BK6: 1827409.7 | BL6: 2549296.7 | BM6: 2640433.3 | BN6: 2173768.2 | BO6: 1805002.1 | BP6: 1732532.5 | BQ6: 1456583.1 | BR6: 1298397.6 | BS6: 1354090 | BT6: 1218542.6 | BU6: 1132961.5 | BV6: 1077122.4 | BW6: 1102773.3
A7: 1967 | B7: 0.963595 | C7: 1.736417 | D7: 0.566474 | E7: 1.122334 | F7: 0.379628 | G7: 0.714927 | H7: 0.863131 | I7: 1.208799 | J7: 0.896164 | K7: 1.517069 | M7: =B7*M$4 -> 311187.22 | N7: =C7*N$4 -> 16346230 | O7: =D7*O$4 -> 1696510.3 | P7: =E7*P$4 -> 3118023.4 | Q7: =F7*Q$4 -> 5918856.1 | R7: =G7*R$4 -> 3513623.1 | S7: =H7*S$4 -> 1176870.5 | T7: =I7*T$4 -> 2583130.9 | ... V7: =K7*V$4 -> 758534.5 | X7: 2778160 | Y7: 2763691.3 | Z7: 2830770 | AA7: 3118023.4 | AB7: 3595266.9 | AC7: 3788993.5 | AD7: 3674255.5 | AE7: 3550288.5 | AF7: 3392766.8 | AG7: 3219656.9 | AH7: 3066580.2 | AI7: 2912625.7 | AJ7: 2737093.2 | AK7: 2562230.3 | AL7: 2422916.7 | AM7: 2248162.1 | AN7: 2076421.8 | AO7: 1934455 | AP7: 1809640.6 | AQ7: 1682423.1 | AR7: 1565607.1 | AS7: 1472716.5 | AT7: 1384334.9 | AU7: 1304268.3 | AV7: 1208027.3 | AW7: 1118064.9 | AX7: 1049797.2 | AY7: 1021879.5 | AZ7: 996187.06 | BA7: 969111.11 | BB7: 964196.54 | BC7: 951633.7 | BD7: 933072.82 | BE7: 923235.35 | BF7: 902985.34 | BG7: 898395.82 | BH7: 904571.67 | BI7: 922382.46 | BJ7: 951800.39 | BK7: 991600.31 | BL7: 1033636.7 | BM7: 1077381.6 | BN7: 1094595 | BO7: 1123754.6 | BP7: 1158401 | BQ7: 1212525.2 | BR7: 1254172.6 | BS7: 1280904 | BT7: 1297075.7 | BU7: 1323815.5 | BV7: 1340320.5 | BW7: 1342131.9
A8: 1968 | B8: 0.969943 | C8: 1.863025 | D8: 0.439481 | E8: 1.294118 | F8: 0.334951 | G8: 0.649541 | H8: 0.793899 | I8: 1.322042 | J8: 0.785247 | K8: 1.686751 | M8: =B8*M$4 -> 313237.27 | N8: =C8*N$4 -> 17538089 | O8: =D8*O$4 -> 1316184.1 | P8: =E8*P$4 -> 3595266.9 | Q8: =F8*Q$4 -> 5222288 | R8: =G8*R$4 -> 3192273.2 | S8: =H8*S$4 -> 1082473.3 | T8: =I8*T$4 -> 2825124.4 | ... V8: =K8*V$4 -> 843375.5 | X8: 15591200 | Y8: 8445581.5 | Z8: 6883639.5 | AA8: 5918856.1 | AB8: 5222288 | AC8: 4622572.5 | AD8: 4177272.3 | AE8: 3782799.3 | AF8: 3462587.2 | AG8: 3199750.8 | AH8: 2969577.9 | AI8: 2769620.8 | AJ8: 2562865.9 | AK8: 2366401.2 | AL8: 2194211.9 | AM8: 2006930.4 | AN8: 1841819.6 | AO8: 1685845.3 | AP8: 1519315.7 | AQ8: 1346066.3 | AR8: 1166658.3 | AS8: 1020225.8 | AT8: 855224.09 | AU8: 720173.12 | AV8: 582471.64 | AW8: 472304.22 | AX8: 430130.03 | AY8: 411155.54 | AZ8: 389327.86 | BA8: 370041.54 | BB8: 342710.17 | BC8: 323673.31 | BD8: 301050.48 | BE8: 287829.14 | BF8: 267124.03 | BG8: 258782.74 | BH8: 259546.71 | BI8: 276478.75 | BJ8: 302874.65 | BK8: 346545.6 | BL8: 394847.14 | BM8: 433622.45 | BN8: 482953.01 | BO8: 538099.09 | BP8: 594398.91 | BQ8: 654471.8 | BR8: 713936.64 | BS8: 745711.5 | BT8: 788509.35 | BU8: 842049.53 | BV8: 878392.62 | BW8: 857859.01
A9: 1969 | B9: 0.996387 | C9: 1.989689 | D9: 0.340633 | E9: 1.36385 | F9: 0.296486 | G9: 0.619087 | H9: 0.755971 | I9: 0.967718 | J9: 0.689636 | K9: 1.70933 | M9: =B9*M$4 -> 321777.2 | N9: =C9*N$4 -> 18730475 | O9: =D9*O$4 -> 1020148.1 | P9: =E9*P$4 -> 3788993.5 | Q9: =F9*Q$4 -> 4622572.5 | R9: =G9*R$4 -> 3042602.1 | S9: =H9*S$4 -> 1030758.9 | T9: =I9*T$4 -> 2067955.3 | ... V9: =K9*V$4 -> 854665 | X9: 4914660 | Y9: 3569419.3 | Z9: 3695676.9 | AA9: 3513623.1 | AB9: 3192273.2 | AC9: 3042602.1 | AD9: 2900131 | AE9: 2759537.4 | AF9: 2587509.5 | AG9: 2513401.4 | AH9: 2359602 | AI9: 2226842.3 | AJ9: 2043972.7 | AK9: 1943792.3 | AL9: 1792332.3 | AM9: 1659130.2 | AN9: 1499836.3 | AO9: 1336590.9 | AP9: 1220177.4 | AQ9: 1099276.7 | AR9: 974208.48 | AS9: 864464.12 | AT9: 751584.21 | AU9: 664304.76 | AV9: 575998.15 | AW9: 517228.65 | AX9: 521243.92 | AY9: 540774.78 | AZ9: 529957.62 | BA9: 507232.23 | BB9: 506323.02 | BC9: 511517.81 | BD9: 487396.66 | BE9: 468755.36 | BF9: 469841.5 | BG9: 470524.63 | BH9: 492237.6 | BI9: 526443.64 | BJ9: 565947.67 | BK9: 611201.86 | BL9: 636001.24 | BM9: 647349.19 | BN9: 663803.47 | BO9: 689059.91 | BP9: 716930.94 | BQ9: 742295.5 | BR9: 768397.26 | BS9: 790945.72 | BT9: 803183.23 | BU9: 833482.1 | BV9: 845360.84 | BW9: 833722.92
A10: 1970 | B10: 1.039698 | C10: 2.117177 | D10: 0.266037 | E10: 1.32255 | F10: 0.267925 | G10: 0.590098 | H10: 0.692775 | I10: 0.712073 | J10: 0.608382 | K10: 1.725906 | M10: =B10*M$4 -> 335764.23 | N10: =C10*N$4 -> 19930617 | O10: =D10*O$4 -> 796743.57 | P10: =E10*P$4 -> 3674255.5 | Q10: =F10*Q$4 -> 4177272.3 | R10: =G10*R$4 -> 2900131 | S10: =H10*S$4 -> 944591.78 | T10: =I10*T$4 -> 1521657.3 | ... V10: =K10*V$4 -> 862953 | X10: 1363490 | Y10: 1422230.5 | Z10: 1279323.1 | AA10: 1176870.5 | AB10: 1082473.3 | AC10: 1030758.9 | AD10: 944591.78 | AE10: 897859.53 | AF10: 826456.28 | AG10: 765167.41 | AH10: 703410.86 | AI10: 648700.82 | AJ10: 580096.82 | AK10: 517803.05 | AL10: 458068.56 | AM10: 414293.71 | AN10: 377658.1 | AO10: 322050.88 | AP10: 303428.34 | AQ10: 295897.78 | AR10: 277219.33 | AS10: 243318.88 | AT10: 231144.28 | AU10: 226624.31 | AV10: 210239.25 | AW10: 195689.45 | AX10: 217203.96 | AY10: 226427.97 | AZ10: 195858.52 | BA10: 203399.98 | BB10: 199169.07 | BC10: 201838.79 | BD10: 196143.49 | BE10: 219414.17 | BF10: 197286.1 | BG10: 204249.44 | BH10: 198415.06 | BI10: 208915.3 | BJ10: 221993.9 | BK10: 232466.86 | BL10: 228546.83 | BM10: 252680.6 | BN10: 240331.47 | BO10: 243872.46 | BP10: 248249.26 | BQ10: 244715.09 | BR10: 252139.3 | BS10: 251893.87 | BT10: 252676.51 | BU10: 256330.67 | BV10: 262387.29 | BW10: 248136.09
A11: 1971 | B11: 1.101043 | C11: 2.165111 | D11: 0.223285 | E11: 1.277928 | F11: 0.242624 | G11: 0.561491 | H11: 0.658501 | I11: 0.760225 | J11: 0.533582 | K11: 1.748681 | M11: =B11*M$4 -> 355575.23 | N11: =C11*N$4 -> 20381857 | O11: =D11*O$4 -> 668707.32 | P11: =E11*P$4 -> 3550288.5 | Q11: =F11*Q$4 -> 3782799.3 | R11: =G11*R$4 -> 2759537.4 | S11: =H11*S$4 -> 897859.53 | T11: =I11*T$4 -> 1624555.2 | ... V11: =K11*V$4 -> 874340.5 | X11: 2136940 | Y11: 2660253.1 | Z11: 2083210.9 | AA11: 2583130.9 | AB11: 2825124.4 | AC11: 2067955.3 | AD11: 1521657.3 | AE11: 1624555.2 | AF11: 1544105.8 | AG11: 1414318.8 | AH11: 1305638.3 | AI11: 813131.31 | AJ11: 516919.38 | AK11: 436598.21 | AL11: 669578.09 | AM11: 1056394.2 | AN11: 1002190.7 | AO11: 905406.52 | AP11: 1099483.4 | AQ11: 1970538.6 | AR11: 2853338.5 | AS11: 2443469.1 | AT11: 3450339.7 | AU11: 2777447.2 | AV11: 2400255.9 | AW11: 2072301.8 | AX11: 2785817.6 | AY11: 2444118.7 | AZ11: 2015734.9 | BA11: 2787888.3 | BB11: 2100936.8 | BC11: 1829819 | BD11: 2535466.5 | BE11: 3130151.2 | BF11: 2542633.8 | BG11: 3428030 | BH11: 3328807.6 | BI11: 4009914.5 | BJ11: 3149511.9 | BK11: 3955657.6 | BL11: 2982027.1 | BM11: 3021793.4 | BN11: 3511015.9 | BO11: 2637640 | BP11: 3380942.5 | BQ11: 3960918.7 | BR11: 4553936.7 | BS11: 5237088.6 | BT11: 5793643.9 | BU11: 6420934.1 | BV11: 4921422 | BW11: 4925022.7
A12: 1972 | B12: 1.213465 | C12: 2.243869 | D12: 0.181049 | E12: 1.221228 | F12: 0.222086 | G12: 0.526488 | H12: 0.606133 | I12: 0.722578 | J12: 0.490403 | K12: 1.755773 | M12: =B12*M$4 -> 391881.24 | N12: =C12*N$4 -> 21123267 | O12: =D12*O$4 -> 542216.41 | P12: =E12*P$4 -> 3392766.8 | Q12: =F12*Q$4 -> 3462587.2 | R12: =G12*R$4 -> 2587509.5 | S12: =H12*S$4 -> 826456.28 | T12: =I12*T$4 -> 1544105.8 | ... V12: =K12*V$4 -> 877886.5 | X12: 5000000 | Y12: 5264460 | Z12: 5027540 | AA12: 4480820 | AB12: 3926235 | AC12: 3448180 | AD12: 3041910 | AE12: 2667910 | AF12: 2452015 | AG12: 2097655 | AH12: 1796295 | AI12: 1544535 | AJ12: 1298900 | AK12: 1030890 | AL12: 1465390 | AM12: 1955675 | AN12: 2325605 | AO12: 2452155 | AP12: 2443455 | AQ12: 2379600 | AR12: 2237180 | AS12: 2093985 | AT12: 1851325 | AU12: 1644920 | AV12: 1433840 | AW12: 1264085 | AX12: 1167880 | AY12: 1107045 | AZ12: 1068050 | BA12: 1035855 | BB12: 1021370 | BC12: 1004030 | BD12: 980235 | BE12: 981910 | BF12: 967180 | BG12: 986035 | BH12: 989970 | BI12: 1051535 | BJ12: 1112725 | BK12: 1179575 | BL12: 1248480 | BM12: 1314330 | BN12: 1415845 | BO12: 1477605 | BP12: 1519510 | BQ12: 1621495 | BR12: 1702530 | BS12: 1769795 | BT12: 1794900 | BU12: 1838910 | BV12: 1904070 | BW12: 1907075
A13: 1973 | B13: 1.30164 | C13: 2.327236 | D13: 0.158121 | E13: 1.158917 | F13: 0.205228 | G13: 0.511409 | H13: 0.561183 | I13: 0.661843 | J13: 0.419531 | K13: 1.767157 | M13: =B13*M$4 -> 420356.83 | N13: =C13*N$4 -> 21908064 | O13: =D13*O$4 -> 473550.26 | P13: =E13*P$4 -> 3219656.9 | Q13: =F13*Q$4 -> 3199750.8 | R13: =G13*R$4 -> 2513401.4 | S13: =H13*S$4 -> 765167.41 | T13: =I13*T$4 -> 1414318.8 | ... V13: =K13*V$4 -> 883578.5 | X13: 500000 | Y13: 533187 | Z13: 627923 | AA13: 758534.5 | AB13: 843375.5 | AC13: 854665 | AD13: 862953 | AE13: 874340.5 | AF13: 877886.5 | AG13: 883578.5 | AH13: 877285.5 | AI13: 885015.5 | AJ13: 871092 | AK13: 870090.5 | AL13: 875358 | AM13: 889216 | AN13: 884812 | AO13: 885856 | AP13: 872234.5 | AQ13: 880019 | AR13: 870902 | AS13: 865407 | AT13: 864961 | AU13: 866824 | AV13: 851914.5 | AW13: 844535.5 | AX13: 825003.5 | AY13: 824347 | AZ13: 820541.5 | BA13: 819458.5 | BB13: 809473.5 | BC13: 820131 | BD13: 816845.5 | BE13: 814717.5 | BF13: 809854.5 | BG13: 812368.5 | BH13: 804822 | BI13: 812431.5 | BJ13: 809281.5 | BK13: 804658 | BL13: 805165 | BM13: 813186 | BN13: 803146 | BO13: 804741 | BP13: 796595 | BQ13: 798917 | BR13: 795012.5 | BS13: 808069 | BT13: 796351 | BU13: 804116 | BV13: 790638 | BW13: 799271
A14: 1974 | B14: 1.403024 | C14: 2.320129 | D14: 0.149889 | E14: 1.103817 | F14: 0.190465 | G14: 0.480115 | H14: 0.51589 | I14: 0.610985 | J14: 0.359259 | K14: 1.754571 | M14: =B14*M$4 -> 453098.18 | N14: =C14*N$4 -> 21841161 | O14: =D14*O$4 -> 448896.57 | P14: =E14*P$4 -> 3066580.2 | Q14: =F14*Q$4 -> 2969577.9 | R14: =G14*R$4 -> 2359602 | S14: =H14*S$4 -> 703410.86 | T14: =I14*T$4 -> 1305638.3 | ... V14: =K14*V$4 -> 877285.5
A15: 1975 | B15: 1.51588 | C15: 2.353883 | D15: 0.164855 | E15: 1.048401 | F15: 0.17764 | G15: 0.453102 | H15: 0.475765 | I15: 0.380512 | J15: 0.308907 | K15: 1.770031 | M15: =B15*M$4 -> 489544.35 | N15: =C15*N$4 -> 22158913 | O15: =D15*O$4 -> 493717.65 | P15: =E15*P$4 -> 2912625.7 | Q15: =F15*Q$4 -> 2769620.8 | R15: =G15*R$4 -> 2226842.3 | S15: =H15*S$4 -> 648700.82 | T15: =I15*T$4 -> 813131.31 | ... V15: =K15*V$4 -> 885015.5
A16: 1976 | B16: 1.631213 | C16: 2.378376 | D16: 0.132854 | E16: 0.985218 | F16: 0.164379 | G16: 0.415893 | H16: 0.42545 | I16: 0.241897 | J16: 0.25978 | K16: 1.742184 | M16: =B16*M$4 -> 526790.45 | N16: =C16*N$4 -> 22389485 | O16: =D16*O$4 -> 397879.13 | P16: =E16*P$4 -> 2737093.2 | Q16: =F16*Q$4 -> 2562865.9 | R16: =G16*R$4 -> 2043972.7 | S16: =H16*S$4 -> 580096.82 | T16: =I16*T$4 -> 516919.38 | ... V16: =K16*V$4 -> 871092
A17: 1977 | B17: 1.747127 | C17: 2.288336 | D17: 0.113767 | E17: 0.922276 | F17: 0.151778 | G17: 0.395509 | H17: 0.379763 | I17: 0.20431 | J17: 0.206178 | K17: 1.740181 | M17: =B17*M$4 -> 564224.18 | N17: =C17*N$4 -> 21541869 | O17: =D17*O$4 -> 340716.24 | P17: =E17*P$4 -> 2562230.3 | Q17: =F17*Q$4 -> 2366401.2 | R17: =G17*R$4 -> 1943792.3 | S17: =H17*S$4 -> 517803.05 | T17: =I17*T$4 -> 436598.21 | ... V17: =K17*V$4 -> 870090.5
A18: 1978 | B18: 1.86956 | C18: 2.263536 | D18: 0.223345 | E18: 0.87213 | F18: 0.140734 | G18: 0.364691 | H18: 0.335953 | I18: 0.313335 | J18: 0.293078 | K18: 1.750716 | M18: =B18*M$4 -> 603763.18 | N18: =C18*N$4 -> 21308407 | O18: =D18*O$4 -> 668887.01 | P18: =E18*P$4 -> 2422916.7 | Q18: =F18*Q$4 -> 2194211.9 | R18: =G18*R$4 -> 1792332.3 | S18: =H18*S$4 -> 458068.56 | T18: =I18*T$4 -> 669578.09 | ... V18: =K18*V$4 -> 875358
A19: 1979 | B19: 1.994501 | C19: 2.242114 | D19: 0.34849 | E19: 0.809227 | F19: 0.128722 | G19: 0.337588 | H19: 0.303848 | I19: 0.494349 | J19: 0.391135 | K19: 1.778432 | M19: =B19*M$4 -> 644112.13 | N19: =C19*N$4 -> 21106746 | O19: =D19*O$4 -> 1043678.8 | P19: =E19*P$4 -> 2248162.1 | Q19: =F19*Q$4 -> 2006930.4 | R19: =G19*R$4 -> 1659130.2 | S19: =H19*S$4 -> 414293.71 | T19: =I19*T$4 -> 1056394.2 | ... V19: =K19*V$4 -> 889216
A20: 1980 | B20: 2.122365 | C20: 2.098353 | D20: 0.45181 | E20: 0.747409 | F20: 0.118132 | G20: 0.305176 | H20: 0.276979 | I20: 0.468984 | J20: 0.465121 | K20: 1.769624 | M20: =B20*M$4 -> 685405.04 | N20: =C20*N$4 -> 19753413 | O20: =D20*O$4 -> 1353107.7 | P20: =E20*P$4 -> 2076421.8 | Q20: =F20*Q$4 -> 1841819.6 | R20: =G20*R$4 -> 1499836.3 | S20: =H20*S$4 -> 377658.1 | T20: =I20*T$4 -> 1002190.7 | ... V20: =K20*V$4 -> 884812
A21: 1981 | B21: 2.221018 | C21: 2.025594 | D21: 0.510516 | E21: 0.696308 | F21: 0.108128 | G21: 0.27196 | H21: 0.236196 | I21: 0.423693 | J21: 0.490431 | K21: 1.771712 | M21: =B21*M$4 -> 717264.44 | N21: =C21*N$4 -> 19068476 | O21: =D21*O$4 -> 1528923.9 | P21: =E21*P$4 -> 1934455 | Q21: =F21*Q$4 -> 1685845.3 | R21: =G21*R$4 -> 1336590.9 | S21: =H21*S$4 -> 322050.88 | T21: =I21*T$4 -> 905406.52 | ... V21: =K21*V$4 -> 885856
A22: 1982 | B22: 2.306314 | C22: 1.947833 | D22: 0.555231 | E22: 0.651381 | F22: 0.097447 | G22: 0.248273 | H22: 0.222538 | I22: 0.514513 | J22: 0.488691 | K22: 1.744469 | M22: =B22*M$4 -> 744810.27 | N22: =C22*N$4 -> 18336452 | O22: =D22*O$4 -> 1662839.1 | P22: =E22*P$4 -> 1809640.6 | Q22: =F22*Q$4 -> 1519315.7 | R22: =G22*R$4 -> 1220177.4 | S22: =H22*S$4 -> 303428.34 | T22: =I22*T$4 -> 1099483.4 | ... V22: =K22*V$4 -> 872234.5
A23: 1983 | B23: 2.37586 | C23: 1.800156 | D23: 0.724208 | E23: 0.605589 | F23: 0.086335 | G23: 0.223673 | H23: 0.217015 | I23: 0.922131 | J23: 0.47592 | K23: 1.760038 | M23: =B23*M$4 -> 767269.73 | N23: =C23*N$4 -> 16946255 | O23: =D23*O$4 -> 2168901.6 | P23: =E23*P$4 -> 1682423.1 | Q23: =F23*Q$4 -> 1346066.3 | R23: =G23*R$4 -> 1099276.7 | S23: =H23*S$4 -> 295897.78 | T23: =I23*T$4 -> 1970538.6 | ... V23: =K23*V$4 -> 880019
A24: 1984 | B24: 2.445412 | C24: 1.708712 | D24: 0.716814 | E24: 0.563541 | F24: 0.074828 | G24: 0.198225 | H24: 0.203316 | I24: 1.335245 | J24: 0.447436 | K24: 1.741804 | M24: =B24*M$4 -> 789731.13 | N24: =C24*N$4 -> 16085422 | O24: =D24*O$4 -> 2146757.6 | P24: =E24*P$4 -> 1565607.1 | Q24: =F24*Q$4 -> 1166658.3 | R24: =G24*R$4 -> 974208.48 | S24: =H24*S$4 -> 277219.33 | T24: =I24*T$4 -> 2853338.5 | ... V24: =K24*V$4 -> 870902
A25: 1985 | B25: 3.034442 | C25: 1.650682 | D25: 0.704627 | E25: 0.530105 | F25: 0.065436 | G25: 0.175895 | H25: 0.178453 | I25: 1.143443 | J25: 0.418797 | K25: 1.730814 | M25: =B25*M$4 -> 979954.84 | N25: =C25*N$4 -> 15539141 | O25: =D25*O$4 -> 2110259.2 | P25: =E25*P$4 -> 1472716.5 | Q25: =F25*Q$4 -> 1020225.8 | R25: =G25*R$4 -> 864464.12 | S25: =H25*S$4 -> 243318.88 | T25: =I25*T$4 -> 2443469.1 | ... V25: =K25*V$4 -> 865407
... A55: 2014.14 | B55: 3.524779 | C55: 0.824423 | D55: 0.368222 | E55: 0.483101 | F55: 0.055022 | G55: 0.16964 | H55: 0.181986 | I55: 2.304708 | J55: 0.381415 | K55: 1.598542 | M55: =B55*M$4 -> 1138306.2 | N55: =C55*N$4 -> 7760928.5 | O55: =D55*O$4 -> 1102773.3 | P55: =E55*P$4 -> 1342131.9 | Q55: =F55*Q$4 -> 857859.01 | R55: =G55*R$4 -> 833722.92 | S55: =H55*S$4 -> 248136.09 | T55: =I55*T$4 -> 4925022.7 | ... V55: =K55*V$4 -> 799271
B56: SHB | C56: SSK | D56: FPS | E56: FDS | F56: FDO | G56: FDF | H56: FVB | I56: FPL | J56: FDC | K56: FBP

Sheet catch Atlantis newsimGB
B1: spinydog | C1: winterskate | D1: Aherring | E1: Acod | F1: haddock | G1: yellowtailfl | H1: winterfl | I1: Amackerel | J1: silverhake | K1: goosefish | M1: scale | N1: 1
B2: Spiny Dogfish | C2: Skates and rays | D2: Herring | E2: Cod | F2: Haddock | G2: YT | H2: Other demersal flatfish | I2: Mackerel | J2: Silver hake | K2: Goosefish | M2: catch/bio | X2: catch
A3: Year | B3: SHB | C3: SSK | D3: FPS | E3: FDS | F3: FDO | G3: FDF | H3: FVB | I3: FPL | J3: FDB | K3: FDD | M3: spinydog | N3: winterskate | O3: Aherring | P3: Acod | Q3: haddock | R3: yellowtailfl | S3: winterfl | T3: Amackerel | U3: silverhake | V3: goosefish | X3: spinydog | Y3: winterskate | Z3: Aherring | AA3: Acod | AB3: haddock | AC3: yellowtailfl | AD3: winterfl | AE3: Amackerel | AF3: silverhake | AG3: goosefish | AI3: 363.82489 | AJ3: 363.82489 | AK3: 382.0608 | AL3: 369.60931 | AM3: 434.65034 | AN3: 404.80209 | AO3: 450.56642 | AP3: 472.46796 | AQ3: 520.45974 | AR3: 589.58914 | AS3: 708.99684 | AT3: 786.78939 | AU3: 881.68898 | AV3: 1052.6269 | AW3: 1153.9554 | AX3: 1279.3766 | AY3: 1446.3901 | AZ3: 1602.7156 | BA3: 1706.1991 | BB3: 1799.8479 | BC3: 1881.8771 | BD3: 1971.0831 | BE3: 2335.857 | BF3: 2373.1879 | BG3: 2373.6759 | BH3: 2501.8112 | BI3: 2536.6546 | BJ3: 2700.2659 | BK3: 2944.7882 | BL3: 2932.5933 | BM3: 2795.1587 | BN3: 2789.8493 | BO3: 2868.7518 | BP3: 2733.9278 | BQ3: 2861.046 | BR3: 2885.6726 | BS3: 2971.1191 | BT3: 2939.5122 | BU3: 2873.086 | BV3: 2905.8942 | BW3: 2770.5026 | BX3: 3222.8973 | BY3: 3693.1138 | BZ3: 4137.1734 | CA3: 4343.8839 | CB3: 4059.6358 | CC3: 3797.9764 | CD3: 3870.8887 | CE3: 3822.2195 | CF3: 3678.5926 | CG3: 3957.6527
A4: 1964 | B4: 0 | C4: 0 | D4: 0 | E4: 0 | F4: 0 | G4: 0 | H4: 0 | I4: 0 | J4: 0 | K4: 0 | M4: =B4*$N$1/'biomass Atlantis newsimGB'!M4 -> 0 | N4: =C4*$N$1/'biomass Atlantis newsimGB'!N4 -> 0 | O4: =D4*$N$1/'biomass Atlantis newsimGB'!O4 -> 0 | P4: =E4*$N$1/'biomass Atlantis newsimGB'!P4 -> 0 | Q4: =F4*$N$1/'biomass Atlantis newsimGB'!Q4 -> 0 | R4: =G4*$N$1/'biomass Atlantis newsimGB'!R4 -> 0 | S4: =H4*$N$1/'biomass Atlantis newsimGB'!S4 -> 0 | T4: =I4*$N$1/'biomass Atlantis newsimGB'!T4 -> 0 | ... V4: =K4*$N$1/'biomass Atlantis newsimGB'!V4 -> 0 | X4: =B4*$N$1 -> 0 | Y4: =C4*$N$1 -> 0 | Z4: =D4*$N$1 -> 0 | AA4: =E4*$N$1 -> 0 | AB4: =F4*$N$1 -> 0 | AC4: =G4*$N$1 -> 0 | AD4: =H4*$N$1 -> 0 | AE4: =I4*$N$1 -> 0 | ... AG4: =K4*$N$1 -> 0 | AI4: 2156.8743 | AJ4: 2156.8743 | AK4: 2272.0033 | AL4: 2415.8337 | AM4: 2629.4383 | AN4: 2948.8153 | AO4: 3353.6251 | AP4: 3775.1407 | AQ4: 4190.7824 | AR4: 4678.7824 | AS4: 5148.3284 | AT4: 5571.3213 | AU4: 6130.0857 | AV4: 6646.9508 | AW4: 7046.4261 | AX4: 7586.0498 | AY4: 8037.6786 | AZ4: 8124.4333 | BA4: 8341.2514 | BB4: 8465.6323 | BC4: 8379.3062 | BD4: 8412.4726 | BE4: 8625.7778 | BF4: 8478.5393 | BG4: 8545.4085 | BH4: 8437.0611 | BI4: 7837.0772 | BJ4: 7460.6613 | BK4: 7225.8902 | BL4: 7001.0643 | BM4: 6764.8845 | BN4: 6620.3073 | BO4: 6497.6742 | BP4: 6273.5931 | BQ4: 6166.3686 | BR4: 5901.3353 | BS4: 5642.9171 | BT4: 5349.5453 | BU4: 5077.5734 | BV4: 4844.8994 | BW4: 4718.1857 | BX4: 4612.315 | BY4: 4489.5528 | BZ4: 4382.6154 | CA4: 4249.1755 | CB4: 4194.1054 | CC4: 4149.3931 | CD4: 4109.6048 | CE4: 4049.1942 | CF4: 3994.5309 | CG4: 3982.5566
A5: 1965 | B5: 363.82489 | C5: 2156.8743 | D5: 127813.95 | E5: 18274.083 | F5: 57204.668 | G5: 16396.743 | H5: 25738.91 | I5: 96777.481 | J5: 21059.022 | K5: 4.708584 | M5: =B5*$N$1/'biomass Atlantis newsimGB'!M5 -> 0.0011420099 | N5: =C5*$N$1/'biomass Atlantis newsimGB'!N5 -> 0.00017527925 | O5: =D5*$N$1/'biomass Atlantis newsimGB'!O5 -> 0.049073692 | P5: =E5*$N$1/'biomass Atlantis newsimGB'!P5 -> 0.0066122011 | Q5: =F5*$N$1/'biomass Atlantis newsimGB'!Q5 -> 0.0067733249 | R5: =G5*$N$1/'biomass Atlantis newsimGB'!R5 -> 0.0045936725 | S5: =H5*$N$1/'biomass Atlantis newsimGB'!S5 -> 0.018097565 | T5: =I5*$N$1/'biomass Atlantis newsimGB'!T5 -> 0.03637905 | ... V5: =K5*$N$1/'biomass Atlantis newsimGB'!V5 -> 8.831018e-06 | X5: =B5*$N$1 -> 363.82489 | Y5: =C5*$N$1 -> 2156.8743 | Z5: =D5*$N$1 -> 127813.95 | AA5: =E5*$N$1 -> 18274.083 | AB5: =F5*$N$1 -> 57204.668 | AC5: =G5*$N$1 -> 16396.743 | AD5: =H5*$N$1 -> 25738.91 | AE5: =I5*$N$1 -> 96777.481 | ... AG5: =K5*$N$1 -> 4.708584 | AI5: 127813.95 | AJ5: 127813.95 | AK5: 125055.95 | AL5: 122711 | AM5: 121424.11 | AN5: 119429.82 | AO5: 118440.15 | AP5: 117389.13 | AQ5: 117154.87 | AR5: 116547.38 | AS5: 116246 | AT5: 116077.44 | AU5: 115916.97 | AV5: 115677.69 | AW5: 2587.6688 | AX5: 4321.4725 | AY5: 6650.0764 | AZ5: 8049.6815 | BA5: 8463.8785 | BB5: 8581.1141 | BC5: 10627.914 | BD5: 12251.238 | BE5: 14366 | BF5: 16860.188 | BG5: 18093.351 | BH5: 19331.245 | BI5: 18014.585 | BJ5: 17904.842 | BK5: 19099.884 | BL5: 17161.455 | BM5: 18268.062 | BN5: 25190.581 | BO5: 30951.102 | BP5: 34516.366 | BQ5: 46409.93 | BR5: 47500.126 | BS5: 53171.488 | BT5: 51524.889 | BU5: 65926.932 | BV5: 68600.921 | BW5: 71773.226 | BX5: 105211.67 | BY5: 116699.26 | BZ5: 116302.53 | CA5: 102456.48 | CB5: 104221.46 | CC5: 90076.083 | CD5: 78181.993 | CE5: 86471.903 | CF5: 76484.709 | CG5: 72211.032
A6: 1966 | B6: 382.0608 | C6: 2272.0033 | D6: 125055.95 | E6: 16233.317 | F6: 26538.516 | G6: 11549.897 | H6: 16639.985 | I6: 91408.318 | J6: 19979.164 | K6: 3.212767 | M6: =B6*$N$1/'biomass Atlantis newsimGB'!M6 -> 0.0012186741 | N6: =C6*$N$1/'biomass Atlantis newsimGB'!N6 -> 0.00015643606 | O6: =D6*$N$1/'biomass Atlantis newsimGB'!O6 -> 0.058389853 | P6: =E6*$N$1/'biomass Atlantis newsimGB'!P6 -> 0.005734594 | Q6: =F6*$N$1/'biomass Atlantis newsimGB'!Q6 -> 0.003855303 | R6: =G6*$N$1/'biomass Atlantis newsimGB'!R6 -> 0.0031252453 | S6: =H6*$N$1/'biomass Atlantis newsimGB'!S6 -> 0.013006866 | T6: =I6*$N$1/'biomass Atlantis newsimGB'!T6 -> 0.043878571 | ... V6: =K6*$N$1/'biomass Atlantis newsimGB'!V6 -> 5.1164984e-06 | X6: =B6*$N$1 -> 382.0608 | Y6: =C6*$N$1 -> 2272.0033 | Z6: =D6*$N$1 -> 125055.95 | AA6: =E6*$N$1 -> 16233.317 | AB6: =F6*$N$1 -> 26538.516 | AC6: =G6*$N$1 -> 11549.897 | AD6: =H6*$N$1 -> 16639.985 | AE6: =I6*$N$1 -> 91408.318 | ... AG6: =K6*$N$1 -> 3.212767 | AI6: 18274.083 | AJ6: 18274.083 | AK6: 16233.317 | AL6: 16035.867 | AM6: 17678.855 | AN6: 20754.884 | AO6: 22900.17 | AP6: 23588.331 | AQ6: 24132.222 | AR6: 24478.019 | AS6: 24556.041 | AT6: 24517.343 | AU6: 24719.284 | AV6: 24656.069 | AW6: 25068.987 | AX6: 25190.938 | AY6: 24582.748 | AZ6: 23437.804 | BA6: 22278.485 | BB6: 20894.028 | BC6: 19797.548 | BD6: 18973.66 | BE6: 18312.368 | BF6: 17872.822 | BG6: 17369.146 | BH6: 16454.368 | BI6: 14738.536 | BJ6: 13876.081 | BK6: 13529.97 | BL6: 12987.846 | BM6: 12940.88 | BN6: 12840.583 | BO6: 12691.859 | BP6: 12615.648 | BQ6: 12406.548 | BR6: 12088.813 | BS6: 11817.745 | BT6: 11649.588 | BU6: 11655.363 | BV6: 11782.843 | BW6: 12212.088 | BX6: 12723.629 | BY6: 12778.694 | BZ6: 12958.047 | CA6: 13115.519 | CB6: 13560.165 | CC6: 14138.975 | CD6: 14556.305 | CE6: 14636.329 | CF6: 14710.997 | CG6: 14864.084
A7: 1967 | B7: 369.60931 | C7: 2415.8337 | D7: 122711 | E7: 16035.867 | F7: 17264.209 | G7: 10693.826 | H7: 12581.188 | I7: 102420.98 | J7: 19098.451 | K7: 14.266474 | M7: =B7*$N$1/'biomass Atlantis newsimGB'!M7 -> 0.0011877394 | N7: =C7*$N$1/'biomass Atlantis newsimGB'!N7 -> 0.00014779149 | O7: =D7*$N$1/'biomass Atlantis newsimGB'!O7 -> 0.072331422 | P7: =E7*$N$1/'biomass Atlantis newsimGB'!P7 -> 0.0051429591 | Q7: =F7*$N$1/'biomass Atlantis newsimGB'!Q7 -> 0.0029168152 | R7: =G7*$N$1/'biomass Atlantis newsimGB'!R7 -> 0.0030435325 | S7: =H7*$N$1/'biomass Atlantis newsimGB'!S7 -> 0.010690376 | T7: =I7*$N$1/'biomass Atlantis newsimGB'!T7 -> 0.039649938 | ... V7: =K7*$N$1/'biomass Atlantis newsimGB'!V7 -> 1.8807943e-05 | X7: =B7*$N$1 -> 369.60931 | Y7: =C7*$N$1 -> 2415.8337 | Z7: =D7*$N$1 -> 122711 | AA7: =E7*$N$1 -> 16035.867 | AB7: =F7*$N$1 -> 17264.209 | AC7: =G7*$N$1 -> 10693.826 | AD7: =H7*$N$1 -> 12581.188 | AE7: =I7*$N$1 -> 102420.98 | ... AG7: =K7*$N$1 -> 14.266474 | AI7: 57204.668 | AJ7: 57204.668 | AK7: 26538.516 | AL7: 17264.209 | AM7: 12950.621 | AN7: 10401.106 | AO7: 8909.7642 | AP7: 7915.8454 | AQ7: 7174.4924 | AR7: 6635.568 | AS7: 6269.4078 | AT7: 5952.4677 | AU7: 5965.4157 | AV7: 5759.2543 | AW7: 5639.0007 | AX7: 5567.9783 | AY7: 5208.691 | AZ7: 4948.7462 | BA7: 4759.3332 | BB7: 4530.1182 | BC7: 4321.5344 | BD7: 3741.3557 | BE7: 3465.5037 | BF7: 2933.4749 | BG7: 2562.8735 | BH7: 2180.3636 | BI7: 1637.6577 | BJ7: 1427.8344 | BK7: 1350.791 | BL7: 1333.4907 | BM7: 1298.0777 | BN7: 1186.2716 | BO7: 1121.1759 | BP7: 1035.7113 | BQ7: 1058.6518 | BR7: 956.63708 | BS7: 946.46886 | BT7: 878.17917 | BU7: 950.96549 | BV7: 995.4276 | BW7: 1129.7363 | BX7: 1322.8906 | BY7: 1426.6893 | BZ7: 1554.102 | CA7: 1710.0182 | CB7: 1844.28 | CC7: 1963.6065 | CD7: 2257.0469 | CE7: 2349.4137 | CF7: 2324.4415 | CG7: 2534.0849
A8: 1968 | B8: 434.65034 | C8: 2629.4383 | D8: 121424.11 | E8: 17678.855 | F8: 12950.621 | G8: 9798.8403 | H8: 10765.804 | I8: 116100.16 | J8: 16832.719 | K8: 33.741592 | M8: =B8*$N$1/'biomass Atlantis newsimGB'!M8 -> 0.0013876074 | N8: =C8*$N$1/'biomass Atlantis newsimGB'!N8 -> 0.0001499273 | O8: =D8*$N$1/'biomass Atlantis newsimGB'!O8 -> 0.092254654 | P8: =E8*$N$1/'biomass Atlantis newsimGB'!P8 -> 0.004917258 | Q8: =F8*$N$1/'biomass Atlantis newsimGB'!Q8 -> 0.0024798749 | R8: =G8*$N$1/'biomass Atlantis newsimGB'!R8 -> 0.0030695494 | S8: =H8*$N$1/'biomass Atlantis newsimGB'!S8 -> 0.0099455605 | T8: =I8*$N$1/'biomass Atlantis newsimGB'!T8 -> 0.041095593 | ... V8: =K8*$N$1/'biomass Atlantis newsimGB'!V8 -> 4.0007792e-05 | X8: =B8*$N$1 -> 434.65034 | Y8: =C8*$N$1 -> 2629.4383 | Z8: =D8*$N$1 -> 121424.11 | AA8: =E8*$N$1 -> 17678.855 | AB8: =F8*$N$1 -> 12950.621 | AC8: =G8*$N$1 -> 9798.8403 | AD8: =H8*$N$1 -> 10765.804 | AE8: =I8*$N$1 -> 116100.16 | ... AG8: =K8*$N$1 -> 33.741592 | AI8: 16396.743 | AJ8: 16396.743 | AK8: 11549.897 | AL8: 10693.826 | AM8: 9798.8403 | AN8: 9382.9851 | AO8: 9423.3354 | AP8: 9524.4986 | AQ8: 9612.4732 | AR8: 9963.2055 | AS8: 10178.346 | AT8: 10266.32 | AU8: 10030.999 | AV8: 10073.221 | AW8: 10131.939 | AX8: 10287.11 | AY8: 10230.988 | AZ8: 9559.6184 | BA8: 9188.2846 | BB8: 8983.1307 | BC8: 8426.9245 | BD8: 8063.3269 | BE8: 7193.9639 | BF8: 6760.6943 | BG8: 5993.3004 | BH8: 5480.4959 | BI8: 4378.227 | BJ8: 4439.0542 | BK8: 4926.9337 | BL8: 4870.8299 | BM8: 4245.6188 | BN8: 4382.6195 | BO8: 4902.8198 | BP8: 4329.493 | BQ8: 4234.0266 | BR8: 4312.2256 | BS8: 4041.2296 | BT8: 4192.0873 | BU8: 4328.2797 | BV8: 4601.6661 | BW8: 5220.9167 | BX8: 5492.5782 | BY8: 5509.4794 | BZ8: 5538.4266 | CA8: 5680.8299 | CB8: 5758.04 | CC8: 5862.0549 | CD8: 6202.5142 | CE8: 6215.9797 | CF8: 6257.5463 | CG8: 6512.2252
A9: 1969 | B9: 404.80209 | C9: 2948.8153 | D9: 119429.82 | E9: 20754.884 | F9: 10401.106 | G9: 9382.9851 | H9: 9647.6298 | I9: 116024.68 | J9: 15267.602 | K9: 26.366462 | M9: =B9*$N$1/'biomass Atlantis newsimGB'!M9 -> 0.0012580198 | N9: =C9*$N$1/'biomass Atlantis newsimGB'!N9 -> 0.0001574341 | O9: =D9*$N$1/'biomass Atlantis newsimGB'!O9 -> 0.11707106 | P9: =E9*$N$1/'biomass Atlantis newsimGB'!P9 -> 0.0054776774 | Q9: =F9*$N$1/'biomass Atlantis newsimGB'!Q9 -> 0.0022500688 | R9: =G9*$N$1/'biomass Atlantis newsimGB'!R9 -> 0.0030838686 | S9: =H9*$N$1/'biomass Atlantis newsimGB'!S9 -> 0.0093597347 | T9: =I9*$N$1/'biomass Atlantis newsimGB'!T9 -> 0.056105992 | ... V9: =K9*$N$1/'biomass Atlantis newsimGB'!V9 -> 3.0850055e-05 | X9: =B9*$N$1 -> 404.80209 | Y9: =C9*$N$1 -> 2948.8153 | Z9: =D9*$N$1 -> 119429.82 | AA9: =E9*$N$1 -> 20754.884 | AB9: =F9*$N$1 -> 10401.106 | AC9: =G9*$N$1 -> 9382.9851 | AD9: =H9*$N$1 -> 9647.6298 | AE9: =I9*$N$1 -> 116024.68 | ... AG9: =K9*$N$1 -> 26.366462 | AI9: 25738.91 | AJ9: 25738.91 | AK9: 16639.985 | AL9: 12581.188 | AM9: 10765.804 | AN9: 9647.6298 | AO9: 9227.0891 | AP9: 8620.7591 | AQ9: 8341.7789 | AR9: 8004.5262 | AS9: 7693.1216 | AT9: 7379.7653 | AU9: 7158.2411 | AV9: 6883.084 | AW9: 6606.6611 | AX9: 6185.0027 | AY9: 5822.9551 | AZ9: 5876.491 | BA9: 5498.5131 | BB9: 5292.3212 | BC9: 5318.5959 | BD9: 5492.279 | BE9: 5301.6266 | BF9: 5188.2553 | BG9: 5240.1657 | BH9: 5263.278 | BI9: 4920.447 | BJ9: 4967.6991 | BK9: 5380.3823 | BL9: 5072.7007 | BM9: 5135.338 | BN9: 5079.9639 | BO9: 5141.2426 | BP9: 4821.7655 | BQ9: 5218.4903 | BR9: 5004.9746 | BS9: 5118.9769 | BT9: 4991.8993 | BU9: 4935.5954 | BV9: 4938.4707 | BW9: 5056.5402 | BX9: 4783.4277 | BY9: 5073.889 | BZ9: 4970.5538 | CA9: 4941.2765 | CB9: 5038.852 | CC9: 4916.2596 | CD9: 5000.6517 | CE9: 4977.0425 | CF9: 4970.1683 | CG9: 4916.2449
A10: 1970 | B10: 450.56642 | C10: 3353.6251 | D10: 118440.15 | E10: 22900.17 | F10: 8909.7642 | G10: 9423.3354 | H10: 9227.0891 | I10: 115336.31 | J10: 15369.567 | K10: 24.894171 | M10: =B10*$N$1/'biomass Atlantis newsimGB'!M10 -> 0.0013419131 | N10: =C10*$N$1/'biomass Atlantis newsimGB'!N10 -> 0.00016826499 | O10: =D10*$N$1/'biomass Atlantis newsimGB'!O10 -> 0.1486553 | P10: =E10*$N$1/'biomass Atlantis newsimGB'!P10 -> 0.0062326015 | Q10: =F10*$N$1/'biomass Atlantis newsimGB'!Q10 -> 0.0021329144 | R10: =G10*$N$1/'biomass Atlantis newsimGB'!R10 -> 0.0032492792 | S10: =H10*$N$1/'biomass Atlantis newsimGB'!S10 -> 0.0097683351 | T10: =I10*$N$1/'biomass Atlantis newsimGB'!T10 -> 0.075796512 | ... V10: =K10*$N$1/'biomass Atlantis newsimGB'!V10 -> 2.8847656e-05 | X10: =B10*$N$1 -> 450.56642 | Y10: =C10*$N$1 -> 3353.6251 | Z10: =D10*$N$1 -> 118440.15 | AA10: =E10*$N$1 -> 22900.17 | AB10: =F10*$N$1 -> 8909.7642 | AC10: =G10*$N$1 -> 9423.3354 | AD10: =H10*$N$1 -> 9227.0891 | AE10: =I10*$N$1 -> 115336.31 | ... AG10: =K10*$N$1 -> 24.894171 | AI10: 96777.481 | AJ10: 96777.481 | AK10: 91408.318 | AL10: 102420.98 | AM10: 116100.16 | AN10: 116024.68 | AO10: 115336.31 | AP10: 115201.14 | AQ10: 115125.08 | AR10: 115373.87 | AS10: 115211.59 | AT10: 114838.87 | AU10: 104894.45 | AV10: 82880.406 | AW10: 381.26999 | AX10: 449.68302 | AY10: 646.80251 | AZ10: 667.0734 | BA10: 553.00798 | BB10: 700.54453 | BC10: 1382.4815 | BD10: 1845.2743 | BE10: 1915.593 | BF10: 3491.649 | BG10: 2926.0652 | BH10: 2909.5315 | BI10: 2547.2506 | BJ10: 3457.5165 | BK10: 2681.5999 | BL10: 2203.6989 | BM10: 3332.797 | BN10: 2621.4271 | BO10: 3034.4895 | BP10: 4724.3862 | BQ10: 7313.6338 | BR10: 5750.2392 | BS10: 9988.4697 | BT10: 11025.068 | BU10: 15364.961 | BV10: 14373.865 | BW10: 19629.318 | BX10: 14218.21 | BY10: 19792.392 | BZ10: 26234.769 | CA10: 21320.057 | CB10: 23413.335 | CC10: 31482.365 | CD10: 33365.796 | CE10: 38882.383 | CF10: 39616.946 | CG10: 46583.645
A11: 1971 | B11: 472.46796 | C11: 3775.1407 | D11: 117389.13 | E11: 23588.331 | F11: 7915.8454 | G11: 9524.4986 | H11: 8620.7591 | I11: 115201.14 | J11: 16405.531 | K11: 21.671987 | M11: =B11*$N$1/'biomass Atlantis newsimGB'!M11 -> 0.0013287426 | N11: =C11*$N$1/'biomass Atlantis newsimGB'!N11 -> 0.00018522065 | O11: =D11*$N$1/'biomass Atlantis newsimGB'!O11 -> 0.17554636 | P11: =E11*$N$1/'biomass Atlantis newsimGB'!P11 -> 0.0066440604 | Q11: =F11*$N$1/'biomass Atlantis newsimGB'!Q11 -> 0.0020925893 | R11: =G11*$N$1/'biomass Atlantis newsimGB'!R11 -> 0.0034514838 | S11: =H11*$N$1/'biomass Atlantis newsimGB'!S11 -> 0.0096014564 | T11: =I11*$N$1/'biomass Atlantis newsimGB'!T11 -> 0.070912416 | ... V11: =K11*$N$1/'biomass Atlantis newsimGB'!V11 -> 2.4786667e-05 | X11: =B11*$N$1 -> 472.46796 | Y11: =C11*$N$1 -> 3775.1407 | Z11: =D11*$N$1 -> 117389.13 | AA11: =E11*$N$1 -> 23588.331 | AB11: =F11*$N$1 -> 7915.8454 | AC11: =G11*$N$1 -> 9524.4986 | AD11: =H11*$N$1 -> 8620.7591 | AE11: =I11*$N$1 -> 115201.14 | ... AG11: =K11*$N$1 -> 21.671987 | AI11: 21059.022 | AJ11: 19979.164 | AK11: 19098.451 | AL11: 16832.719 | AM11: 15267.602 | AN11: 15369.567 | AO11: 16405.531 | AP11: 14531.641 | AQ11: 14245.156 | AR11: 13952.619 | AS11: 14848.289 | AT11: 16188.227 | AU11: 14585.491 | AV11: 12118.445 | AW11: 15370.61 | AX11: 17459.96 | AY11: 19258.409 | AZ11: 17496.245 | BA11: 21005.602 | BB11: 21101.052 | BC11: 17690.865 | BD11: 15934.061 | BE11: 13635.01 | BF11: 12539.227 | BG11: 11747.383 | BH11: 10804.493 | BI11: 11878.391 | BJ11: 13001.584 | BK11: 13615.009 | BL11: 14532.128 | BM11: 11582.944 | BN11: 14762.428 | BO11: 12687.206 | BP11: 10304.432 | BQ11: 11089.621 | BR11: 10726.476 | BS11: 10216.321 | BT11: 11200.245 | BU11: 10335.747 | BV11: 10251.135 | BW11: 10713.299 | BX11: 11894.109 | BY11: 12486.882 | BZ11: 12625.281 | CA11: 12907.683 | CB11: 13128.351 | CC11: 13390.976 | CD11: 13159.053 | CE11: 12881.291 | CF11: 12893.741 | CG11: 347.02735
A12: 1972 | B12: 520.45974 | C12: 4190.7824 | D12: 117154.87 | E12: 24132.222 | F12: 7174.4924 | G12: 9612.4732 | H12: 8341.7789 | I12: 115125.08 | J12: 14531.641 | K12: 27.240077 | M12: =B12*$N$1/'biomass Atlantis newsimGB'!M12 -> 0.0013281058 | N12: =C12*$N$1/'biomass Atlantis newsimGB'!N12 -> 0.00019839651 | O12: =D12*$N$1/'biomass Atlantis newsimGB'!O12 -> 0.21606663 | P12: =E12*$N$1/'biomass Atlantis newsimGB'!P12 -> 0.0071128442 | Q12: =F12*$N$1/'biomass Atlantis newsimGB'!Q12 -> 0.0020720034 | R12: =G12*$N$1/'biomass Atlantis newsimGB'!R12 -> 0.0037149518 | S12: =H12*$N$1/'biomass Atlantis newsimGB'!S12 -> 0.01009343 | T12: =I12*$N$1/'biomass Atlantis newsimGB'!T12 -> 0.074557763 | ... V12: =K12*$N$1/'biomass Atlantis newsimGB'!V12 -> 3.1029156e-05 | X12: =B12*$N$1 -> 520.45974 | Y12: =C12*$N$1 -> 4190.7824 | Z12: =D12*$N$1 -> 117154.87 | AA12: =E12*$N$1 -> 24132.222 | AB12: =F12*$N$1 -> 7174.4924 | AC12: =G12*$N$1 -> 9612.4732 | AD12: =H12*$N$1 -> 8341.7789 | AE12: =I12*$N$1 -> 115125.08 | ... AG12: =K12*$N$1 -> 27.240077 | AI12: 4.708584 | AJ12: 3.212767 | AK12: 14.266474 | AL12: 33.741592 | AM12: 26.366462 | AN12: 24.894171 | AO12: 21.671987 | AP12: 27.240077 | AQ12: 53.892329 | AR12: 132.57617 | AS12: 207.63902 | AT12: 380.00152 | AU12: 499.35164 | AV12: 587.61115 | AW12: 669.38664 | AX12: 771.55004 | AY12: 734.14848 | AZ12: 560.06749 | BA12: 651.18903 | BB12: 759.57268 | BC12: 780.58163 | BD12: 756.09602 | BE12: 762.75003 | BF12: 674.24493 | BG12: 636.78177 | BH12: 680.74117 | BI12: 691.78032 | BJ12: 697.71248 | BK12: 848.34373 | BL12: 921.75729 | BM12: 722.28511 | BN12: 1160.4305 | BO12: 1155.135 | BP12: 1079.2146 | BQ12: 1349.959 | BR12: 1482.9929 | BS12: 1325.6791 | BT12: 1245.8957 | BU12: 1113.6343 | BV12: 969.75857 | BW12: 899.68777 | BX12: 972.16412 | BY12: 1058.6033 | BZ12: 1146.1477 | CA12: 1115.8052 | CB12: 1104.2541 | CC12: 1149.4867 | CD12: 1143.5996 | CE12: 1113.0459 | CF12: 1209.6877 | CG12: 21.619451
A13: 1973 | B13: 589.58914 | C13: 4678.7824 | D13: 116547.38 | E13: 24478.019 | F13: 6635.568 | G13: 9963.2055 | H13: 8004.5262 | I13: 115373.87 | J13: 14245.156 | K13: 53.892329 | M13: =B13*$N$1/'biomass Atlantis newsimGB'!M13 -> 0.001402592 | N13: =C13*$N$1/'biomass Atlantis newsimGB'!N13 -> 0.00021356439 | O13: =D13*$N$1/'biomass Atlantis newsimGB'!O13 -> 0.24611406 | P13: =E13*$N$1/'biomass Atlantis newsimGB'!P13 -> 0.0076026795 | Q13: =F13*$N$1/'biomass Atlantis newsimGB'!Q13 -> 0.0020737765 | R13: =G13*$N$1/'biomass Atlantis newsimGB'!R13 -> 0.0039640329 | S13: =H13*$N$1/'biomass Atlantis newsimGB'!S13 -> 0.010461144 | T13: =I13*$N$1/'biomass Atlantis newsimGB'!T13 -> 0.081575573 | ... V13: =K13*$N$1/'biomass Atlantis newsimGB'!V13 -> 6.0993255e-05 | X13: =B13*$N$1 -> 589.58914 | Y13: =C13*$N$1 -> 4678.7824 | Z13: =D13*$N$1 -> 116547.38 | AA13: =E13*$N$1 -> 24478.019 | AB13: =F13*$N$1 -> 6635.568 | AC13: =G13*$N$1 -> 9963.2055 | AD13: =H13*$N$1 -> 8004.5262 | AE13: =I13*$N$1 -> 115373.87 | ... AG13: =K13*$N$1 -> 53.892329
A14: 1974 | B14: 708.99684 | C14: 5148.3284 | D14: 116246 | E14: 24556.041 | F14: 6269.4078 | G14: 10178.346 | H14: 7693.1216 | I14: 115211.59 | J14: 13952.619 | K14: 132.57617 | M14: =B14*$N$1/'biomass Atlantis newsimGB'!M14 -> 0.0015647753 | N14: =C14*$N$1/'biomass Atlantis newsimGB'!N14 -> 0.00023571679 | O14: =D14*$N$1/'biomass Atlantis newsimGB'!O14 -> 0.25895944 | P14: =E14*$N$1/'biomass Atlantis newsimGB'!P14 -> 0.0080076303 | Q14: =F14*$N$1/'biomass Atlantis newsimGB'!Q14 -> 0.0021112118 | R14: =G14*$N$1/'biomass Atlantis newsimGB'!R14 -> 0.0043135859 | S14: =H14*$N$1/'biomass Atlantis newsimGB'!S14 -> 0.010936882 | T14: =I14*$N$1/'biomass Atlantis newsimGB'!T14 -> 0.088241582 | ... V14: =K14*$N$1/'biomass Atlantis newsimGB'!V14 -> 0.00015112089 | X14: =B14*$N$1 -> 708.99684 | Y14: =C14*$N$1 -> 5148.3284 | Z14: =D14*$N$1 -> 116246 | AA14: =E14*$N$1 -> 24556.041 | AB14: =F14*$N$1 -> 6269.4078 | AC14: =G14*$N$1 -> 10178.346 | AD14: =H14*$N$1 -> 7693.1216 | AE14: =I14*$N$1 -> 115211.59 | ... AG14: =K14*$N$1 -> 132.57617
A15: 1975 | B15: 786.78939 | C15: 5571.3213 | D15: 116077.44 | E15: 24517.343 | F15: 5952.4677 | G15: 10266.32 | H15: 7379.7653 | I15: 114838.87 | J15: 14848.289 | K15: 207.63902 | M15: =B15*$N$1/'biomass Atlantis newsimGB'!M15 -> 0.0016071871 | N15: =C15*$N$1/'biomass Atlantis newsimGB'!N15 -> 0.00025142575 | O15: =D15*$N$1/'biomass Atlantis newsimGB'!O15 -> 0.23510896 | P15: =E15*$N$1/'biomass Atlantis newsimGB'!P15 -> 0.0084176085 | Q15: =F15*$N$1/'biomass Atlantis newsimGB'!Q15 -> 0.0021491996 | R15: =G15*$N$1/'biomass Atlantis newsimGB'!R15 -> 0.004610259 | S15: =H15*$N$1/'biomass Atlantis newsimGB'!S15 -> 0.011376223 | T15: =I15*$N$1/'biomass Atlantis newsimGB'!T15 -> 0.14123041 | ... V15: =K15*$N$1/'biomass Atlantis newsimGB'!V15 -> 0.00023461625 | X15: =B15*$N$1 -> 786.78939 | Y15: =C15*$N$1 -> 5571.3213 | Z15: =D15*$N$1 -> 116077.44 | AA15: =E15*$N$1 -> 24517.343 | AB15: =F15*$N$1 -> 5952.4677 | AC15: =G15*$N$1 -> 10266.32 | AD15: =H15*$N$1 -> 7379.7653 | AE15: =I15*$N$1 -> 114838.87 | ... AG15: =K15*$N$1 -> 207.63902
A16: 1976 | B16: 881.68898 | C16: 6130.0857 | D16: 115916.97 | E16: 24719.284 | F16: 5965.4157 | G16: 10030.999 | H16: 7158.2411 | I16: 104894.45 | J16: 16188.227 | K16: 380.00152 | M16: =B16*$N$1/'biomass Atlantis newsimGB'!M16 -> 0.0016736996 | N16: =C16*$N$1/'biomass Atlantis newsimGB'!N16 -> 0.00027379307 | O16: =D16*$N$1/'biomass Atlantis newsimGB'!O16 -> 0.29133715 | P16: =E16*$N$1/'biomass Atlantis newsimGB'!P16 -> 0.0090312174 | Q16: =F16*$N$1/'biomass Atlantis newsimGB'!Q16 -> 0.0023276348 | R16: =G16*$N$1/'biomass Atlantis newsimGB'!R16 -> 0.0049075991 | S16: =H16*$N$1/'biomass Atlantis newsimGB'!S16 -> 0.012339735 | T16: =I16*$N$1/'biomass Atlantis newsimGB'!T16 -> 0.20292227 | ... V16: =K16*$N$1/'biomass Atlantis newsimGB'!V16 -> 0.0004362358 | X16: =B16*$N$1 -> 881.68898 | Y16: =C16*$N$1 -> 6130.0857 | Z16: =D16*$N$1 -> 115916.97 | AA16: =E16*$N$1 -> 24719.284 | AB16: =F16*$N$1 -> 5965.4157 | AC16: =G16*$N$1 -> 10030.999 | AD16: =H16*$N$1 -> 7158.2411 | AE16: =I16*$N$1 -> 104894.45 | ... AG16: =K16*$N$1 -> 380.00152 | AI16: Expl rate Atlantis
A17: 1977 | B17: 1052.6269 | C17: 6646.9508 | D17: 115677.69 | E17: 24656.069 | F17: 5759.2543 | G17: 10073.221 | H17: 6883.084 | I17: 82880.406 | J17: 14585.491 | K17: 499.35164 | M17: =B17*$N$1/'biomass Atlantis newsimGB'!M17 -> 0.0018656182 | N17: =C17*$N$1/'biomass Atlantis newsimGB'!N17 -> 0.00030855962 | O17: =D17*$N$1/'biomass Atlantis newsimGB'!O17 -> 0.3395133 | P17: =E17*$N$1/'biomass Atlantis newsimGB'!P17 -> 0.0096228936 | Q17: =F17*$N$1/'biomass Atlantis newsimGB'!Q17 -> 0.0024337608 | R17: =G17*$N$1/'biomass Atlantis newsimGB'!R17 -> 0.0051822518 | S17: =H17*$N$1/'biomass Atlantis newsimGB'!S17 -> 0.013292861 | T17: =I17*$N$1/'biomass Atlantis newsimGB'!T17 -> 0.18983222 | ... V17: =K17*$N$1/'biomass Atlantis newsimGB'!V17 -> 0.0005739077 | X17: =B17*$N$1 -> 1052.6269 | Y17: =C17*$N$1 -> 6646.9508 | Z17: =D17*$N$1 -> 115677.69 | AA17: =E17*$N$1 -> 24656.069 | AB17: =F17*$N$1 -> 5759.2543 | AC17: =G17*$N$1 -> 10073.221 | AD17: =H17*$N$1 -> 6883.084 | AE17: =I17*$N$1 -> 82880.406 | ... AG17: =K17*$N$1 -> 499.35164 | AI17: =AI3/'biomass Atlantis newsimGB'!X4 -> 0.0011265882 | AJ17: =AJ3/'biomass Atlantis newsimGB'!Y4 -> 0.0011420099 | AK17: =AK3/'biomass Atlantis newsimGB'!Z4 -> 0.0012186741 | AL17: =AL3/'biomass Atlantis newsimGB'!AA4 -> 0.0011877394 | AM17: =AM3/'biomass Atlantis newsimGB'!AB4 -> 0.0013876074 | AN17: =AN3/'biomass Atlantis newsimGB'!AC4 -> 0.0012580198 | AO17: =AO3/'biomass Atlantis newsimGB'!AD4 -> 0.0013419131 | AP17: =AP3/'biomass Atlantis newsimGB'!AE4 -> 0.0013287426 | ... CG17: =CG3/'biomass Atlantis newsimGB'!BV4 -> 0.0034895997
A18: 1978 | B18: 1153.9554 | C18: 7046.4261 | D18: 2587.6688 | E18: 25068.987 | F18: 5639.0007 | G18: 10131.939 | H18: 6606.6611 | I18: 381.26999 | J18: 12118.445 | K18: 587.61115 | M18: =B18*$N$1/'biomass Atlantis newsimGB'!M18 -> 0.0019112715 | N18: =C18*$N$1/'biomass Atlantis newsimGB'!N18 -> 0.0003306876 | O18: =D18*$N$1/'biomass Atlantis newsimGB'!O18 -> 0.0038686188 | P18: =E18*$N$1/'biomass Atlantis newsimGB'!P18 -> 0.010346615 | Q18: =F18*$N$1/'biomass Atlantis newsimGB'!Q18 -> 0.0025699435 | R18: =G18*$N$1/'biomass Atlantis newsimGB'!R18 -> 0.0056529359 | S18: =H18*$N$1/'biomass Atlantis newsimGB'!S18 -> 0.014422865 | T18: =I18*$N$1/'biomass Atlantis newsimGB'!T18 -> 0.00056941825 | ... V18: =K18*$N$1/'biomass Atlantis newsimGB'!V18 -> 0.00067128095 | X18: =B18*$N$1 -> 1153.9554 | Y18: =C18*$N$1 -> 7046.4261 | Z18: =D18*$N$1 -> 2587.6688 | AA18: =E18*$N$1 -> 25068.987 | AB18: =F18*$N$1 -> 5639.0007 | AC18: =G18*$N$1 -> 10131.939 | AD18: =H18*$N$1 -> 6606.6611 | AE18: =I18*$N$1 -> 381.26999 | ... AG18: =K18*$N$1 -> 587.61115 | AI18: =AI4/'biomass Atlantis newsimGB'!X5 -> 0.00022911908 | AJ18: =AJ4/'biomass Atlantis newsimGB'!Y5 -> 0.00017527925 | AK18: =AK4/'biomass Atlantis newsimGB'!Z5 -> 0.00015643606 | AL18: =AL4/'biomass Atlantis newsimGB'!AA5 -> 0.00014779149 | AM18: =AM4/'biomass Atlantis newsimGB'!AB5 -> 0.0001499273 | AN18: =AN4/'biomass Atlantis newsimGB'!AC5 -> 0.0001574341 | AO18: =AO4/'biomass Atlantis newsimGB'!AD5 -> 0.00016826499 | AP18: =AP4/'biomass Atlantis newsimGB'!AE5 -> 0.00018522065 | ... CG18: =CG4/'biomass Atlantis newsimGB'!BV5 -> 0.00051567416
A19: 1979 | B19: 1279.3766 | C19: 7586.0498 | D19: 4321.4725 | E19: 25190.938 | F19: 5567.9783 | G19: 10287.11 | H19: 6185.0027 | I19: 449.68302 | J19: 15370.61 | K19: 669.38664 | M19: =B19*$N$1/'biomass Atlantis newsimGB'!M19 -> 0.0019862638 | N19: =C19*$N$1/'biomass Atlantis newsimGB'!N19 -> 0.00035941352 | O19: =D19*$N$1/'biomass Atlantis newsimGB'!O19 -> 0.0041406156 | P19: =E19*$N$1/'biomass Atlantis newsimGB'!P19 -> 0.011205125 | Q19: =F19*$N$1/'biomass Atlantis newsimGB'!Q19 -> 0.0027743753 | R19: =G19*$N$1/'biomass Atlantis newsimGB'!R19 -> 0.006200303 | S19: =H19*$N$1/'biomass Atlantis newsimGB'!S19 -> 0.014929029 | T19: =I19*$N$1/'biomass Atlantis newsimGB'!T19 -> 0.00042567731 | ... V19: =K19*$N$1/'biomass Atlantis newsimGB'!V19 -> 0.00075278295 | X19: =B19*$N$1 -> 1279.3766 | Y19: =C19*$N$1 -> 7586.0498 | Z19: =D19*$N$1 -> 4321.4725 | AA19: =E19*$N$1 -> 25190.938 | AB19: =F19*$N$1 -> 5567.9783 | AC19: =G19*$N$1 -> 10287.11 | AD19: =H19*$N$1 -> 6185.0027 | AE19: =I19*$N$1 -> 449.68302 | ... AG19: =K19*$N$1 -> 669.38664 | AI19: =AI5/'biomass Atlantis newsimGB'!X6 -> 0.042677771 | AJ19: =AJ5/'biomass Atlantis newsimGB'!Y6 -> 0.049073692 | AK19: =AK5/'biomass Atlantis newsimGB'!Z6 -> 0.058389853 | AL19: =AL5/'biomass Atlantis newsimGB'!AA6 -> 0.072331422 | AM19: =AM5/'biomass Atlantis newsimGB'!AB6 -> 0.092254654 | AN19: =AN5/'biomass Atlantis newsimGB'!AC6 -> 0.11707106 | AO19: =AO5/'biomass Atlantis newsimGB'!AD6 -> 0.1486553 | AP19: =AP5/'biomass Atlantis newsimGB'!AE6 -> 0.17554636 | ... CG19: =CG5/'biomass Atlantis newsimGB'!BV6 -> 0.067040695
A20: 1980 | B20: 1446.3901 | C20: 8037.6786 | D20: 6650.0764 | E20: 24582.748 | F20: 5208.691 | G20: 10230.988 | H20: 5822.9551 | I20: 646.80251 | J20: 17459.96 | K20: 771.55004 | M20: =B20*$N$1/'biomass Atlantis newsimGB'!M20 -> 0.0021102706 | N20: =C20*$N$1/'biomass Atlantis newsimGB'!N20 -> 0.00040690076 | O20: =D20*$N$1/'biomass Atlantis newsimGB'!O20 -> 0.0049146689 | P20: =E20*$N$1/'biomass Atlantis newsimGB'!P20 -> 0.011838995 | Q20: =F20*$N$1/'biomass Atlantis newsimGB'!Q20 -> 0.0028280136 | R20: =G20*$N$1/'biomass Atlantis newsimGB'!R20 -> 0.0068214032 | S20: =H20*$N$1/'biomass Atlantis newsimGB'!S20 -> 0.015418589 | T20: =I20*$N$1/'biomass Atlantis newsimGB'!T20 -> 0.00064538868 | ... V20: =K20*$N$1/'biomass Atlantis newsimGB'!V20 -> 0.00087199319 | X20: =B20*$N$1 -> 1446.3901 | Y20: =C20*$N$1 -> 8037.6786 | Z20: =D20*$N$1 -> 6650.0764 | AA20: =E20*$N$1 -> 24582.748 | AB20: =F20*$N$1 -> 5208.691 | AC20: =G20*$N$1 -> 10230.988 | AD20: =H20*$N$1 -> 5822.9551 | AE20: =I20*$N$1 -> 646.80251 | ... AG20: =K20*$N$1 -> 771.55004 | AI20: =AI6/'biomass Atlantis newsimGB'!X7 -> 0.0065777648 | AJ20: =AJ6/'biomass Atlantis newsimGB'!Y7 -> 0.0066122011 | AK20: =AK6/'biomass Atlantis newsimGB'!Z7 -> 0.005734594 | AL20: =AL6/'biomass Atlantis newsimGB'!AA7 -> 0.0051429591 | AM20: =AM6/'biomass Atlantis newsimGB'!AB7 -> 0.004917258 | AN20: =AN6/'biomass Atlantis newsimGB'!AC7 -> 0.0054776774 | AO20: =AO6/'biomass Atlantis newsimGB'!AD7 -> 0.0062326015 | AP20: =AP6/'biomass Atlantis newsimGB'!AE7 -> 0.0066440604 | ... CG20: =CG6/'biomass Atlantis newsimGB'!BV7 -> 0.011089947
A21: 1981 | B21: 1602.7156 | C21: 8124.4333 | D21: 8049.6815 | E21: 23437.804 | F21: 4948.7462 | G21: 9559.6184 | H21: 5876.491 | I21: 667.0734 | J21: 19258.409 | K21: 734.14848 | M21: =B21*$N$1/'biomass Atlantis newsimGB'!M21 -> 0.0022344836 | N21: =C21*$N$1/'biomass Atlantis newsimGB'!N21 -> 0.00042606621 | O21: =D21*$N$1/'biomass Atlantis newsimGB'!O21 -> 0.0052649326 | P21: =E21*$N$1/'biomass Atlantis newsimGB'!P21 -> 0.012115973 | Q21: =F21*$N$1/'biomass Atlantis newsimGB'!Q21 -> 0.0029354688 | R21: =G21*$N$1/'biomass Atlantis newsimGB'!R21 -> 0.0071522395 | S21: =H21*$N$1/'biomass Atlantis newsimGB'!S21 -> 0.018247088 | T21: =I21*$N$1/'biomass Atlantis newsimGB'!T21 -> 0.00073676673 | ... V21: =K21*$N$1/'biomass Atlantis newsimGB'!V21 -> 0.00082874471 | X21: =B21*$N$1 -> 1602.7156 | Y21: =C21*$N$1 -> 8124.4333 | Z21: =D21*$N$1 -> 8049.6815 | AA21: =E21*$N$1 -> 23437.804 | AB21: =F21*$N$1 -> 4948.7462 | AC21: =G21*$N$1 -> 9559.6184 | AD21: =H21*$N$1 -> 5876.491 | AE21: =I21*$N$1 -> 667.0734 | ... AG21: =K21*$N$1 -> 734.14848 | AI21: =AI7/'biomass Atlantis newsimGB'!X8 -> 0.0036690356 | AJ21: =AJ7/'biomass Atlantis newsimGB'!Y8 -> 0.0067733249 | AK21: =AK7/'biomass Atlantis newsimGB'!Z8 -> 0.003855303 | AL21: =AL7/'biomass Atlantis newsimGB'!AA8 -> 0.0029168152 | AM21: =AM7/'biomass Atlantis newsimGB'!AB8 -> 0.0024798749 | AN21: =AN7/'biomass Atlantis newsimGB'!AC8 -> 0.0022500688 | AO21: =AO7/'biomass Atlantis newsimGB'!AD8 -> 0.0021329144 | AP21: =AP7/'biomass Atlantis newsimGB'!AE8 -> 0.0020925893 | ... CG21: =CG7/'biomass Atlantis newsimGB'!BV8 -> 0.0028849114
A22: 1982 | B22: 1706.1991 | C22: 8341.2514 | D22: 8463.8785 | E22: 22278.485 | F22: 4759.3332 | G22: 9188.2846 | H22: 5498.5131 | I22: 553.00798 | J22: 17496.245 | K22: 560.06749 | M22: =B22*$N$1/'biomass Atlantis newsimGB'!M22 -> 0.0022907835 | N22: =C22*$N$1/'biomass Atlantis newsimGB'!N22 -> 0.00045489997 | O22: =D22*$N$1/'biomass Atlantis newsimGB'!O22 -> 0.0050900165 | P22: =E22*$N$1/'biomass Atlantis newsimGB'!P22 -> 0.012310999 | Q22: =F22*$N$1/'biomass Atlantis newsimGB'!Q22 -> 0.0031325506 | R22: =G22*$N$1/'biomass Atlantis newsimGB'!R22 -> 0.0075302859 | S22: =H22*$N$1/'biomass Atlantis newsimGB'!S22 -> 0.018121291 | T22: =I22*$N$1/'biomass Atlantis newsimGB'!T22 -> 0.00050297074 | ... V22: =K22*$N$1/'biomass Atlantis newsimGB'!V22 -> 0.00064210656 | X22: =B22*$N$1 -> 1706.1991 | Y22: =C22*$N$1 -> 8341.2514 | Z22: =D22*$N$1 -> 8463.8785 | AA22: =E22*$N$1 -> 22278.485 | AB22: =F22*$N$1 -> 4759.3332 | AC22: =G22*$N$1 -> 9188.2846 | AD22: =H22*$N$1 -> 5498.5131 | AE22: =I22*$N$1 -> 553.00798 | ... AG22: =K22*$N$1 -> 560.06749 | AI22: =AI8/'biomass Atlantis newsimGB'!X9 -> 0.0033362925 | AJ22: =AJ8/'biomass Atlantis newsimGB'!Y9 -> 0.0045936725 | AK22: =AK8/'biomass Atlantis newsimGB'!Z9 -> 0.0031252453 | AL22: =AL8/'biomass Atlantis newsimGB'!AA9 -> 0.0030435325 | AM22: =AM8/'biomass Atlantis newsimGB'!AB9 -> 0.0030695494 | AN22: =AN8/'biomass Atlantis newsimGB'!AC9 -> 0.0030838686 | AO22: =AO8/'biomass Atlantis newsimGB'!AD9 -> 0.0032492792 | AP22: =AP8/'biomass Atlantis newsimGB'!AE9 -> 0.0034514838 | ... CG22: =CG8/'biomass Atlantis newsimGB'!BV9 -> 0.0077034858
A23: 1983 | B23: 1799.8479 | C23: 8465.6323 | D23: 8581.1141 | E23: 20894.028 | F23: 4530.1182 | G23: 8983.1307 | H23: 5292.3212 | I23: 700.54453 | J23: 21005.602 | K23: 651.18903 | M23: =B23*$N$1/'biomass Atlantis newsimGB'!M23 -> 0.0023457825 | N23: =C23*$N$1/'biomass Atlantis newsimGB'!N23 -> 0.00049955772 | O23: =D23*$N$1/'biomass Atlantis newsimGB'!O23 -> 0.0039564332 | P23: =E23*$N$1/'biomass Atlantis newsimGB'!P23 -> 0.012419009 | Q23: =F23*$N$1/'biomass Atlantis newsimGB'!Q23 -> 0.0033654497 | R23: =G23*$N$1/'biomass Atlantis newsimGB'!R23 -> 0.0081718555 | S23: =H23*$N$1/'biomass Atlantis newsimGB'!S23 -> 0.01788564 | T23: =I23*$N$1/'biomass Atlantis newsimGB'!T23 -> 0.00035550916 | ... V23: =K23*$N$1/'biomass Atlantis newsimGB'!V23 -> 0.00073997156 | X23: =B23*$N$1 -> 1799.8479 | Y23: =C23*$N$1 -> 8465.6323 | Z23: =D23*$N$1 -> 8581.1141 | AA23: =E23*$N$1 -> 20894.028 | AB23: =F23*$N$1 -> 4530.1182 | AC23: =G23*$N$1 -> 8983.1307 | AD23: =H23*$N$1 -> 5292.3212 | AE23: =I23*$N$1 -> 700.54453 | ... AG23: =K23*$N$1 -> 651.18903 | AI23: =AI9/'biomass Atlantis newsimGB'!X10 -> 0.018877227 | AJ23: =AJ9/'biomass Atlantis newsimGB'!Y10 -> 0.018097565 | AK23: =AK9/'biomass Atlantis newsimGB'!Z10 -> 0.013006866 | AL23: =AL9/'biomass Atlantis newsimGB'!AA10 -> 0.010690376 | AM23: =AM9/'biomass Atlantis newsimGB'!AB10 -> 0.0099455605 | AN23: =AN9/'biomass Atlantis newsimGB'!AC10 -> 0.0093597347 | AO23: =AO9/'biomass Atlantis newsimGB'!AD10 -> 0.0097683351 | AP23: =AP9/'biomass Atlantis newsimGB'!AE10 -> 0.0096014564 | ... CG23: =CG9/'biomass Atlantis newsimGB'!BV10 -> 0.018736597
A24: 1984 | B24: 1881.8771 | C24: 8379.3062 | D24: 10627.914 | E24: 19797.548 | F24: 4321.5344 | G24: 8426.9245 | H24: 5318.5959 | I24: 1382.4815 | J24: 21101.052 | K24: 759.57268 | M24: =B24*$N$1/'biomass Atlantis newsimGB'!M24 -> 0.0023829339 | N24: =C24*$N$1/'biomass Atlantis newsimGB'!N24 -> 0.00052092549 | O24: =D24*$N$1/'biomass Atlantis newsimGB'!O24 -> 0.0049506821 | P24: =E24*$N$1/'biomass Atlantis newsimGB'!P24 -> 0.012645285 | Q24: =F24*$N$1/'biomass Atlantis newsimGB'!Q24 -> 0.0037041988 | R24: =G24*$N$1/'biomass Atlantis newsimGB'!R24 -> 0.0086500217 | S24: =H24*$N$1/'biomass Atlantis newsimGB'!S24 -> 0.019185516 | T24: =I24*$N$1/'biomass Atlantis newsimGB'!T24 -> 0.00048451368 | ... V24: =K24*$N$1/'biomass Atlantis newsimGB'!V24 -> 0.0008721678 | X24: =B24*$N$1 -> 1881.8771 | Y24: =C24*$N$1 -> 8379.3062 | Z24: =D24*$N$1 -> 10627.914 | AA24: =E24*$N$1 -> 19797.548 | AB24: =F24*$N$1 -> 4321.5344 | AC24: =G24*$N$1 -> 8426.9245 | AD24: =H24*$N$1 -> 5318.5959 | AE24: =I24*$N$1 -> 1382.4815 | ... AG24: =K24*$N$1 -> 759.57268 | AI24: =AI10/'biomass Atlantis newsimGB'!X11 -> 0.045287879 | AJ24: =AJ10/'biomass Atlantis newsimGB'!Y11 -> 0.03637905 | AK24: =AK10/'biomass Atlantis newsimGB'!Z11 -> 0.043878571 | AL24: =AL10/'biomass Atlantis newsimGB'!AA11 -> 0.039649938 | AM24: =AM10/'biomass Atlantis newsimGB'!AB11 -> 0.041095593 | AN24: =AN10/'biomass Atlantis newsimGB'!AC11 -> 0.056105992 | AO24: =AO10/'biomass Atlantis newsimGB'!AD11 -> 0.075796512 | AP24: =AP10/'biomass Atlantis newsimGB'!AE11 -> 0.070912416 | ... CG24: =CG10/'biomass Atlantis newsimGB'!BV11 -> 0.0094654848
A25: 1985 | B25: 1971.0831 | C25: 8412.4726 | D25: 12251.238 | E25: 18973.66 | F25: 3741.3557 | G25: 8063.3269 | H25: 5492.279 | I25: 1845.2743 | J25: 17690.865 | K25: 780.58163 | M25: =B25*$N$1/'biomass Atlantis newsimGB'!M25 -> 0.002011402 | N25: =C25*$N$1/'biomass Atlantis newsimGB'!N25 -> 0.00054137309 | O25: =D25*$N$1/'biomass Atlantis newsimGB'!O25 -> 0.0058055608 | P25: =E25*$N$1/'biomass Atlantis newsimGB'!P25 -> 0.012883444 | Q25: =F25*$N$1/'biomass Atlantis newsimGB'!Q25 -> 0.0036671841 | R25: =G25*$N$1/'biomass Atlantis newsimGB'!R25 -> 0.0093275438 | S25: =H25*$N$1/'biomass Atlantis newsimGB'!S25 -> 0.02257235 | T25: =I25*$N$1/'biomass Atlantis newsimGB'!T25 -> 0.00075518626 | ... V25: =K25*$N$1/'biomass Atlantis newsimGB'!V25 -> 0.0009019821 | X25: =B25*$N$1 -> 1971.0831 | Y25: =C25*$N$1 -> 8412.4726 | Z25: =D25*$N$1 -> 12251.238 | AA25: =E25*$N$1 -> 18973.66 | AB25: =F25*$N$1 -> 3741.3557 | AC25: =G25*$N$1 -> 8063.3269 | AD25: =H25*$N$1 -> 5492.279 | AE25: =I25*$N$1 -> 1845.2743 | ... AG25: =K25*$N$1 -> 780.58163 | AI25: =AI11/'biomass Atlantis newsimGB'!X12 -> 0.0042118044 | AJ25: =AJ11/'biomass Atlantis newsimGB'!Y12 -> 0.0037951022 | AK25: =AK11/'biomass Atlantis newsimGB'!Z12 -> 0.0037987666 | AL25: =AL11/'biomass Atlantis newsimGB'!AA12 -> 0.0037566158 | AM25: =AM11/'biomass Atlantis newsimGB'!AB12 -> 0.0038886114 | AN25: =AN11/'biomass Atlantis newsimGB'!AC12 -> 0.0044572984 | AO25: =AO11/'biomass Atlantis newsimGB'!AD12 -> 0.0053931679 | AP25: =AP11/'biomass Atlantis newsimGB'!AE12 -> 0.0054468259 | ... CG25: =CG11/'biomass Atlantis newsimGB'!BV12 -> 0.00018225556
A26: 1986 | B26: 2335.857 | C26: 8625.7778 | D26: 14366 | E26: 18312.368 | F26: 3465.5037 | G26: 7193.9639 | H26: 5301.6266 | I26: 1915.593 | J26: 15934.061 | K26: 756.09602 | M26: =B26*$N$1/'biomass Atlantis newsimGB'!M26 -> 0.0023702739 | N26: =C26*$N$1/'biomass Atlantis newsimGB'!N26 -> 0.00060011479 | O26: =D26*$N$1/'biomass Atlantis newsimGB'!O26 -> 0.0069504865 | P26: =E26*$N$1/'biomass Atlantis newsimGB'!P26 -> 0.013228279 | Q26: =F26*$N$1/'biomass Atlantis newsimGB'!Q26 -> 0.0040521587 | R26: =G26*$N$1/'biomass Atlantis newsimGB'!R26 -> 0.0095717336 | S26: =H26*$N$1/'biomass Atlantis newsimGB'!S26 -> 0.022936439 | T26: =I26*$N$1/'biomass Atlantis newsimGB'!T26 -> 0.00055518968 | ... V26: =K26*$N$1/'biomass Atlantis newsimGB'!V26 -> 0.00087413886 | X26: =B26*$N$1 -> 2335.857 | Y26: =C26*$N$1 -> 8625.7778 | Z26: =D26*$N$1 -> 14366 | AA26: =E26*$N$1 -> 18312.368 | AB26: =F26*$N$1 -> 3465.5037 | AC26: =G26*$N$1 -> 7193.9639 | AD26: =H26*$N$1 -> 5301.6266 | AE26: =I26*$N$1 -> 1915.593 | ... AG26: =K26*$N$1 -> 756.09602 | AI26: =AI12/'biomass Atlantis newsimGB'!X13 -> 9.417168e-06 | AJ26: =AJ12/'biomass Atlantis newsimGB'!Y13 -> 6.0255914e-06 | AK26: =AK12/'biomass Atlantis newsimGB'!Z13 -> 2.2720101e-05 | AL26: =AL12/'biomass Atlantis newsimGB'!AA13 -> 4.4482607e-05 | AM26: =AM12/'biomass Atlantis newsimGB'!AB13 -> 3.1263016e-05 | AN26: =AN12/'biomass Atlantis newsimGB'!AC13 -> 2.9127402e-05 | AO26: =AO12/'biomass Atlantis newsimGB'!AD13 -> 2.5113751e-05 | AP26: =AP12/'biomass Atlantis newsimGB'!AE13 -> 3.1154999e-05 | ... CG26: =CG12/'biomass Atlantis newsimGB'!BV13 -> 2.7344311e-05
A27: 1987 | B27: 2373.1879 | C27: 8478.5393 | D27: 16860.188 | E27: 17872.822 | F27: 2933.4749 | G27: 6760.6943 | H27: 5188.2553 | I27: 3491.649 | J27: 13635.01 | K27: 762.75003 | M27: =B27*$N$1/'biomass Atlantis newsimGB'!M27 -> 0.0023719654 | N27: =C27*$N$1/'biomass Atlantis newsimGB'!N27 -> 0.00062391096 | O27: =D27*$N$1/'biomass Atlantis newsimGB'!O27 -> 0.0084422405 | P27: =E27*$N$1/'biomass Atlantis newsimGB'!P27 -> 0.013703332 | Q27: =F27*$N$1/'biomass Atlantis newsimGB'!Q27 -> 0.0040732913 | R27: =G27*$N$1/'biomass Atlantis newsimGB'!R27 -> 0.010177097 | S27: =H27*$N$1/'biomass Atlantis newsimGB'!S27 -> 0.02289364 | T27: =I27*$N$1/'biomass Atlantis newsimGB'!T27 -> 0.0012571433 | ... V27: =K27*$N$1/'biomass Atlantis newsimGB'!V27 -> 0.00087993645 | X27: =B27*$N$1 -> 2373.1879 | Y27: =C27*$N$1 -> 8478.5393 | Z27: =D27*$N$1 -> 16860.188 | AA27: =E27*$N$1 -> 17872.822 | AB27: =F27*$N$1 -> 2933.4749 | AC27: =G27*$N$1 -> 6760.6943 | AD27: =H27*$N$1 -> 5188.2553 | AE27: =I27*$N$1 -> 3491.649 | ... AG27: =K27*$N$1 -> 762.75003
A28: 1988 | B28: 2373.6759 | C28: 8545.4085 | D28: 18093.351 | E28: 17369.146 | F28: 2562.8735 | G28: 5993.3004 | H28: 5240.1657 | I28: 2926.0652 | J28: 12539.227 | K28: 674.24493 | M28: =B28*$N$1/'biomass Atlantis newsimGB'!M28 -> 0.002318449 | N28: =C28*$N$1/'biomass Atlantis newsimGB'!N28 -> 0.0006640509 | O28: =D28*$N$1/'biomass Atlantis newsimGB'!O28 -> 0.0094288917 | P28: =E28*$N$1/'biomass Atlantis newsimGB'!P28 -> 0.014378107 | Q28: =F28*$N$1/'biomass Atlantis newsimGB'!Q28 -> 0.004399997 | R28: =G28*$N$1/'biomass Atlantis newsimGB'!R28 -> 0.010405069 | S28: =H28*$N$1/'biomass Atlantis newsimGB'!S28 -> 0.024924774 | T28: =I28*$N$1/'biomass Atlantis newsimGB'!T28 -> 0.0012190638 | ... V28: =K28*$N$1/'biomass Atlantis newsimGB'!V28 -> 0.00079144671 | X28: =B28*$N$1 -> 2373.6759 | Y28: =C28*$N$1 -> 8545.4085 | Z28: =D28*$N$1 -> 18093.351 | AA28: =E28*$N$1 -> 17369.146 | AB28: =F28*$N$1 -> 2562.8735 | AC28: =G28*$N$1 -> 5993.3004 | AD28: =H28*$N$1 -> 5240.1657 | AE28: =I28*$N$1 -> 2926.0652 | ... AG28: =K28*$N$1 -> 674.24493
A29: 1989 | B29: 2501.8112 | C29: 8437.0611 | D29: 19331.245 | E29: 16454.368 | F29: 2180.3636 | G29: 5480.4959 | H29: 5263.278 | I29: 2909.5315 | J29: 11747.383 | K29: 636.78177 | M29: =B29*$N$1/'biomass Atlantis newsimGB'!M29 -> 0.0023828647 | N29: =C29*$N$1/'biomass Atlantis newsimGB'!N29 -> 0.00069127215 | O29: =D29*$N$1/'biomass Atlantis newsimGB'!O29 -> 0.01047923 | P29: =E29*$N$1/'biomass Atlantis newsimGB'!P29 -> 0.014716827 | Q29: =F29*$N$1/'biomass Atlantis newsimGB'!Q29 -> 0.0046164389 | R29: =G29*$N$1/'biomass Atlantis newsimGB'!R29 -> 0.010595886 | S29: =H29*$N$1/'biomass Atlantis newsimGB'!S29 -> 0.026896075 | T29: =I29*$N$1/'biomass Atlantis newsimGB'!T29 -> 0.0014040095 | ... V29: =K29*$N$1/'biomass Atlantis newsimGB'!V29 -> 0.00075400237 | X29: =B29*$N$1 -> 2501.8112 | Y29: =C29*$N$1 -> 8437.0611 | Z29: =D29*$N$1 -> 19331.245 | AA29: =E29*$N$1 -> 16454.368 | AB29: =F29*$N$1 -> 2180.3636 | AC29: =G29*$N$1 -> 5480.4959 | AD29: =H29*$N$1 -> 5263.278 | AE29: =I29*$N$1 -> 2909.5315 | ... AG29: =K29*$N$1 -> 636.78177
A30: 1990 | B30: 2536.6546 | C30: 7837.0772 | D30: 18014.585 | E30: 14738.536 | F30: 1637.6577 | G30: 4378.227 | H30: 4920.447 | I30: 2547.2506 | J30: 10804.493 | K30: 680.74117 | M30: =B30*$N$1/'biomass Atlantis newsimGB'!M30 -> 0.0023516078 | N30: =C30*$N$1/'biomass Atlantis newsimGB'!N30 -> 0.00067613821 | O30: =D30*$N$1/'biomass Atlantis newsimGB'!O30 -> 0.01015321 | P30: =E30*$N$1/'biomass Atlantis newsimGB'!P30 -> 0.014039413 | Q30: =F30*$N$1/'biomass Atlantis newsimGB'!Q30 -> 0.0038073549 | R30: =G30*$N$1/'biomass Atlantis newsimGB'!R30 -> 0.0083995742 | S30: =H30*$N$1/'biomass Atlantis newsimGB'!S30 -> 0.022653579 | T30: =I30*$N$1/'biomass Atlantis newsimGB'!T30 -> 0.00091436377 | ... V30: =K30*$N$1/'biomass Atlantis newsimGB'!V30 -> 0.00082513731 | X30: =B30*$N$1 -> 2536.6546 | Y30: =C30*$N$1 -> 7837.0772 | Z30: =D30*$N$1 -> 18014.585 | AA30: =E30*$N$1 -> 14738.536 | AB30: =F30*$N$1 -> 1637.6577 | AC30: =G30*$N$1 -> 4378.227 | AD30: =H30*$N$1 -> 4920.447 | AE30: =I30*$N$1 -> 2547.2506 | ... AG30: =K30*$N$1 -> 680.74117 | AI30: Avg Expl Rate | AK30: Log expl rate
A31: 1991 | B31: 2700.2659 | C31: 7460.6613 | D31: 17904.842 | E31: 13876.081 | F31: 1427.8344 | G31: 4439.0542 | H31: 4967.6991 | I31: 3457.5165 | J31: 11878.391 | K31: 691.78032 | M31: =B31*$N$1/'biomass Atlantis newsimGB'!M31 -> 0.0022046894 | N31: =C31*$N$1/'biomass Atlantis newsimGB'!N31 -> 0.00067239041 | O31: =D31*$N$1/'biomass Atlantis newsimGB'!O31 -> 0.009654615 | P31: =E31*$N$1/'biomass Atlantis newsimGB'!P31 -> 0.01357898 | Q31: =F31*$N$1/'biomass Atlantis newsimGB'!Q31 -> 0.0034727354 | R31: =G31*$N$1/'biomass Atlantis newsimGB'!R31 -> 0.0082086931 | S31: =H31*$N$1/'biomass Atlantis newsimGB'!S31 -> 0.021939424 | T31: =I31*$N$1/'biomass Atlantis newsimGB'!T31 -> 0.0014146271 | ... V31: =K31*$N$1/'biomass Atlantis newsimGB'!V31 -> 0.00083918583 | X31: =B31*$N$1 -> 2700.2659 | Y31: =C31*$N$1 -> 7460.6613 | Z31: =D31*$N$1 -> 17904.842 | AA31: =E31*$N$1 -> 13876.081 | AB31: =F31*$N$1 -> 1427.8344 | AC31: =G31*$N$1 -> 4439.0542 | AD31: =H31*$N$1 -> 4967.6991 | AE31: =I31*$N$1 -> 3457.5165 | ... AG31: =K31*$N$1 -> 691.78032 | AI31: =AVERAGE(AI17:CG17) -> 0.0022670914 | AK31: =LOG10(AI31) -> -2.644531
A32: 1992 | B32: 2944.7882 | C32: 7225.8902 | D32: 19099.884 | E32: 13529.97 | F32: 1350.791 | G32: 4926.9337 | H32: 5380.3823 | I32: 2681.5999 | J32: 13001.584 | K32: 697.71248 | M32: =B32*$N$1/'biomass Atlantis newsimGB'!M32 -> 0.0024508628 | N32: =C32*$N$1/'biomass Atlantis newsimGB'!N32 -> 0.00067845643 | O32: =D32*$N$1/'biomass Atlantis newsimGB'!O32 -> 0.010787493 | P32: =E32*$N$1/'biomass Atlantis newsimGB'!P32 -> 0.013581757 | Q32: =F32*$N$1/'biomass Atlantis newsimGB'!Q32 -> 0.0034695463 | R32: =G32*$N$1/'biomass Atlantis newsimGB'!R32 -> 0.0092968447 | S32: =H32*$N$1/'biomass Atlantis newsimGB'!S32 -> 0.027470759 | T32: =I32*$N$1/'biomass Atlantis newsimGB'!T32 -> 0.0013303336 | ... V32: =K32*$N$1/'biomass Atlantis newsimGB'!V32 -> 0.00085030736 | X32: =B32*$N$1 -> 2944.7882 | Y32: =C32*$N$1 -> 7225.8902 | Z32: =D32*$N$1 -> 19099.884 | AA32: =E32*$N$1 -> 13529.97 | AB32: =F32*$N$1 -> 1350.791 | AC32: =G32*$N$1 -> 4926.9337 | AD32: =H32*$N$1 -> 5380.3823 | AE32: =I32*$N$1 -> 2681.5999 | ... AG32: =K32*$N$1 -> 697.71248 | AI32: =AVERAGE(AI18:CG18) -> 0.00048163973 | AK32: =LOG10(AI32) -> -3.3172777
A33: 1993 | B33: 2932.5933 | C33: 7001.0643 | D33: 17161.455 | E33: 12987.846 | F33: 1333.4907 | G33: 4870.8299 | H33: 5072.7007 | I33: 2203.6989 | J33: 13615.009 | K33: 848.34373 | M33: =B33*$N$1/'biomass Atlantis newsimGB'!M33 -> 0.0024690924 | N33: =C33*$N$1/'biomass Atlantis newsimGB'!N33 -> 0.00068449511 | O33: =D33*$N$1/'biomass Atlantis newsimGB'!O33 -> 0.010068672 | P33: =E33*$N$1/'biomass Atlantis newsimGB'!P33 -> 0.013401814 | Q33: =F33*$N$1/'biomass Atlantis newsimGB'!Q33 -> 0.0036036242 | R33: =G33*$N$1/'biomass Atlantis newsimGB'!R33 -> 0.0096027611 | S33: =H33*$N$1/'biomass Atlantis newsimGB'!S33 -> 0.024939533 | T33: =I33*$N$1/'biomass Atlantis newsimGB'!T33 -> 0.00079045454 | ... V33: =K33*$N$1/'biomass Atlantis newsimGB'!V33 -> 0.0010352492 | X33: =B33*$N$1 -> 2932.5933 | Y33: =C33*$N$1 -> 7001.0643 | Z33: =D33*$N$1 -> 17161.455 | AA33: =E33*$N$1 -> 12987.846 | AB33: =F33*$N$1 -> 1333.4907 | AC33: =G33*$N$1 -> 4870.8299 | AD33: =H33*$N$1 -> 5072.7007 | AE33: =I33*$N$1 -> 2203.6989 | ... AG33: =K33*$N$1 -> 848.34373 | AI33: =AVERAGE(AI19:CG19) -> 0.064924372 | AK33: =LOG10(AI33) -> -1.1875922
A34: 1994 | B34: 2795.1587 | C34: 6764.8845 | D34: 18268.062 | E34: 12940.88 | F34: 1298.0777 | G34: 4245.6188 | H34: 5135.338 | I34: 3332.797 | J34: 14532.128 | K34: 921.75729 | M34: =B34*$N$1/'biomass Atlantis newsimGB'!M34 -> 0.0023822322 | N34: =C34*$N$1/'biomass Atlantis newsimGB'!N34 -> 0.00068232569 | O34: =D34*$N$1/'biomass Atlantis newsimGB'!O34 -> 0.0082954766 | P34: =E34*$N$1/'biomass Atlantis newsimGB'!P34 -> 0.013421413 | Q34: =F34*$N$1/'biomass Atlantis newsimGB'!Q34 -> 0.0037876837 | R34: =G34*$N$1/'biomass Atlantis newsimGB'!R34 -> 0.0083851981 | S34: =H34*$N$1/'biomass Atlantis newsimGB'!S34 -> 0.025783812 | T34: =I34*$N$1/'biomass Atlantis newsimGB'!T34 -> 0.0015863385 | ... V34: =K34*$N$1/'biomass Atlantis newsimGB'!V34 -> 0.0011387121 | X34: =B34*$N$1 -> 2795.1587 | Y34: =C34*$N$1 -> 6764.8845 | Z34: =D34*$N$1 -> 18268.062 | AA34: =E34*$N$1 -> 12940.88 | AB34: =F34*$N$1 -> 1298.0777 | AC34: =G34*$N$1 -> 4245.6188 | AD34: =H34*$N$1 -> 5135.338 | AE34: =I34*$N$1 -> 3332.797 | ... AG34: =K34*$N$1 -> 921.75729 | AI34: =AVERAGE(AI20:CG20) -> 0.01098406 | AK34: =LOG10(AI34) -> -1.9592371
A35: 1995 | B35: 2789.8493 | C35: 6620.3073 | D35: 25190.581 | E35: 12840.583 | F35: 1186.2716 | G35: 4382.6195 | H35: 5079.9639 | I35: 2621.4271 | J35: 11582.944 | K35: 722.28511 | M35: =B35*$N$1/'biomass Atlantis newsimGB'!M35 -> 0.0023961788 | N35: =C35*$N$1/'biomass Atlantis newsimGB'!N35 -> 0.00069006718 | O35: =D35*$N$1/'biomass Atlantis newsimGB'!O35 -> 0.010408843 | P35: =E35*$N$1/'biomass Atlantis newsimGB'!P35 -> 0.013493199 | Q35: =F35*$N$1/'biomass Atlantis newsimGB'!Q35 -> 0.0036650275 | R35: =G35*$N$1/'biomass Atlantis newsimGB'!R35 -> 0.0085678728 | S35: =H35*$N$1/'biomass Atlantis newsimGB'!S35 -> 0.025168422 | T35: =I35*$N$1/'biomass Atlantis newsimGB'!T35 -> 0.0014326155 | ... V35: =K35*$N$1/'biomass Atlantis newsimGB'!V35 -> 0.00088069481 | X35: =B35*$N$1 -> 2789.8493 | Y35: =C35*$N$1 -> 6620.3073 | Z35: =D35*$N$1 -> 25190.581 | AA35: =E35*$N$1 -> 12840.583 | AB35: =F35*$N$1 -> 1186.2716 | AC35: =G35*$N$1 -> 4382.6195 | AD35: =H35*$N$1 -> 5079.9639 | AE35: =I35*$N$1 -> 2621.4271 | ... AG35: =K35*$N$1 -> 722.28511 | AI35: =AVERAGE(AI21:CG21) -> 0.0031947294 | AK35: =LOG10(AI35) -> -2.4955659
A36: 1996 | B36: 2868.7518 | C36: 6497.6742 | D36: 30951.102 | E36: 12691.859 | F36: 1121.1759 | G36: 4902.8198 | H36: 5141.2426 | I36: 3034.4895 | J36: 14762.428 | K36: 1160.4305 | M36: =B36*$N$1/'biomass Atlantis newsimGB'!M36 -> 0.0024807099 | N36: =C36*$N$1/'biomass Atlantis newsimGB'!N36 -> 0.00070422016 | O36: =D36*$N$1/'biomass Atlantis newsimGB'!O36 -> 0.014118769 | P36: =E36*$N$1/'biomass Atlantis newsimGB'!P36 -> 0.013602217 | Q36: =F36*$N$1/'biomass Atlantis newsimGB'!Q36 -> 0.0037242124 | R36: =G36*$N$1/'biomass Atlantis newsimGB'!R36 -> 0.010059199 | S36: =H36*$N$1/'biomass Atlantis newsimGB'!S36 -> 0.02621164 | T36: =I36*$N$1/'biomass Atlantis newsimGB'!T36 -> 0.0011968171 | ... V36: =K36*$N$1/'biomass Atlantis newsimGB'!V36 -> 0.0014206243 | X36: =B36*$N$1 -> 2868.7518 | Y36: =C36*$N$1 -> 6497.6742 | Z36: =D36*$N$1 -> 30951.102 | AA36: =E36*$N$1 -> 12691.859 | AB36: =F36*$N$1 -> 1121.1759 | AC36: =G36*$N$1 -> 4902.8198 | AD36: =H36*$N$1 -> 5141.2426 | AE36: =I36*$N$1 -> 3034.4895 | ... AG36: =K36*$N$1 -> 1160.4305 | AI36: =AVERAGE(AI22:CG22) -> 0.0071042664 | AK36: =LOG10(AI36) -> -2.1484808
A37: 1997 | B37: 2733.9278 | C37: 6273.5931 | D37: 34516.366 | E37: 12615.648 | F37: 1035.7113 | G37: 4329.493 | H37: 4821.7655 | I37: 4724.3862 | J37: 12687.206 | K37: 1155.135 | M37: =B37*$N$1/'biomass Atlantis newsimGB'!M37 -> 0.0022714746 | N37: =C37*$N$1/'biomass Atlantis newsimGB'!N37 -> 0.00069755715 | O37: =D37*$N$1/'biomass Atlantis newsimGB'!O37 -> 0.012469694 | P37: =E37*$N$1/'biomass Atlantis newsimGB'!P37 -> 0.013664606 | Q37: =F37*$N$1/'biomass Atlantis newsimGB'!Q37 -> 0.0035983547 | R37: =G37*$N$1/'biomass Atlantis newsimGB'!R37 -> 0.0092361462 | S37: =H37*$N$1/'biomass Atlantis newsimGB'!S37 -> 0.021975634 | T37: =I37*$N$1/'biomass Atlantis newsimGB'!T37 -> 0.0015093156 | ... V37: =K37*$N$1/'biomass Atlantis newsimGB'!V37 -> 0.001417835 | X37: =B37*$N$1 -> 2733.9278 | Y37: =C37*$N$1 -> 6273.5931 | Z37: =D37*$N$1 -> 34516.366 | AA37: =E37*$N$1 -> 12615.648 | AB37: =F37*$N$1 -> 1035.7113 | AC37: =G37*$N$1 -> 4329.493 | AD37: =H37*$N$1 -> 4821.7655 | AE37: =I37*$N$1 -> 4724.3862 | ... AG37: =K37*$N$1 -> 1155.135 | AI37: =AVERAGE(AI23:CG23) -> 0.018956236 | AK37: =LOG10(AI37) -> -1.7222479
A38: 1998 | B38: 2861.046 | C38: 6166.3686 | D38: 46409.93 | E38: 12406.548 | F38: 1058.6518 | G38: 4234.0266 | H38: 5218.4903 | I38: 7313.6338 | J38: 10304.432 | K38: 1079.2146 | M38: =B38*$N$1/'biomass Atlantis newsimGB'!M38 -> 0.0024084105 | N38: =C38*$N$1/'biomass Atlantis newsimGB'!N38 -> 0.00070910646 | O38: =D38*$N$1/'biomass Atlantis newsimGB'!O38 -> 0.019087355 | P38: =E38*$N$1/'biomass Atlantis newsimGB'!P38 -> 0.013739479 | Q38: =F38*$N$1/'biomass Atlantis newsimGB'!Q38 -> 0.0039631472 | R38: =G38*$N$1/'biomass Atlantis newsimGB'!R38 -> 0.0090116062 | S38: =H38*$N$1/'biomass Atlantis newsimGB'!S38 -> 0.026451384 | T38: =I38*$N$1/'biomass Atlantis newsimGB'!T38 -> 0.0028764008 | ... V38: =K38*$N$1/'biomass Atlantis newsimGB'!V38 -> 0.0013326031 | X38: =B38*$N$1 -> 2861.046 | Y38: =C38*$N$1 -> 6166.3686 | Z38: =D38*$N$1 -> 46409.93 | AA38: =E38*$N$1 -> 12406.548 | AB38: =F38*$N$1 -> 1058.6518 | AC38: =G38*$N$1 -> 4234.0266 | AD38: =H38*$N$1 -> 5218.4903 | AE38: =I38*$N$1 -> 7313.6338 | ... AG38: =K38*$N$1 -> 1079.2146 | AI38: =AVERAGE(AI24:CG24) -> 0.0254919 | AK38: =LOG10(AI38) -> -1.5935978
A39: 1999 | B39: 2885.6726 | C39: 5901.3353 | D39: 47500.126 | E39: 12088.813 | F39: 956.63708 | G39: 4312.2256 | H39: 5004.9746 | I39: 5750.2392 | J39: 11089.621 | K39: 1349.959 | M39: =B39*$N$1/'biomass Atlantis newsimGB'!M39 -> 0.0024560615 | N39: =C39*$N$1/'biomass Atlantis newsimGB'!N39 -> 0.00069678011 | O39: =D39*$N$1/'biomass Atlantis newsimGB'!O39 -> 0.021504606 | P39: =E39*$N$1/'biomass Atlantis newsimGB'!P39 -> 0.013455998 | Q39: =F39*$N$1/'biomass Atlantis newsimGB'!Q39 -> 0.0036966804 | R39: =G39*$N$1/'biomass Atlantis newsimGB'!R39 -> 0.0091647181 | S39: =H39*$N$1/'biomass Atlantis newsimGB'!S39 -> 0.024504227 | T39: =I39*$N$1/'biomass Atlantis newsimGB'!T39 -> 0.001677418 | ... V39: =K39*$N$1/'biomass Atlantis newsimGB'!V39 -> 0.001661757 | X39: =B39*$N$1 -> 2885.6726 | Y39: =C39*$N$1 -> 5901.3353 | Z39: =D39*$N$1 -> 47500.126 | AA39: =E39*$N$1 -> 12088.813 | AB39: =F39*$N$1 -> 956.63708 | AC39: =G39*$N$1 -> 4312.2256 | AD39: =H39*$N$1 -> 5004.9746 | AE39: =I39*$N$1 -> 5750.2392 | ... AG39: =K39*$N$1 -> 1349.959 | AI39: =AVERAGE(AI25:CG25) -> 0.0084158374 | AK39: =LOG10(AI39) -> -2.0749027
A40: 2000 | B40: 2971.1191 | C40: 5642.9171 | D40: 53171.488 | E40: 11817.745 | F40: 946.46886 | G40: 4041.2296 | H40: 5118.9769 | I40: 9988.4697 | J40: 10726.476 | K40: 1482.9929 | M40: =B40*$N$1/'biomass Atlantis newsimGB'!M40 -> 0.0025504452 | N40: =C40*$N$1/'biomass Atlantis newsimGB'!N40 -> 0.00068686224 | O40: =D40*$N$1/'biomass Atlantis newsimGB'!O40 -> 0.026730033 | P40: =E40*$N$1/'biomass Atlantis newsimGB'!P40 -> 0.013064465 | Q40: =F40*$N$1/'biomass Atlantis newsimGB'!Q40 -> 0.0036466225 | R40: =G40*$N$1/'biomass Atlantis newsimGB'!R40 -> 0.0082099164 | S40: =H40*$N$1/'biomass Atlantis newsimGB'!S40 -> 0.025799336 | T40: =I40*$N$1/'biomass Atlantis newsimGB'!T40 -> 0.0030006149 | ... V40: =K40*$N$1/'biomass Atlantis newsimGB'!V40 -> 0.0018426346 | X40: =B40*$N$1 -> 2971.1191 | Y40: =C40*$N$1 -> 5642.9171 | Z40: =D40*$N$1 -> 53171.488 | AA40: =E40*$N$1 -> 11817.745 | AB40: =F40*$N$1 -> 946.46886 | AC40: =G40*$N$1 -> 4041.2296 | AD40: =H40*$N$1 -> 5118.9769 | AE40: =I40*$N$1 -> 9988.4697 | ... AG40: =K40*$N$1 -> 1482.9929 | AI40: =AVERAGE(AI26:CG26) -> 0.00085853417 | AK40: =LOG10(AI40) -> -3.0662424
A41: 2001 | B41: 2939.5122 | C41: 5349.5453 | D41: 51524.889 | E41: 11649.588 | F41: 878.17917 | G41: 4192.0873 | H41: 4991.8993 | I41: 11025.068 | J41: 10216.321 | K41: 1325.6791 | M41: =B41*$N$1/'biomass Atlantis newsimGB'!M41 -> 0.0024495839 | N41: =C41*$N$1/'biomass Atlantis newsimGB'!N41 -> 0.00066556975 | O41: =D41*$N$1/'biomass Atlantis newsimGB'!O41 -> 0.022665992 | P41: =E41*$N$1/'biomass Atlantis newsimGB'!P41 -> 0.012629889 | Q41: =F41*$N$1/'biomass Atlantis newsimGB'!Q41 -> 0.003176299 | R41: =G41*$N$1/'biomass Atlantis newsimGB'!R41 -> 0.0079630316 | S41: =H41*$N$1/'biomass Atlantis newsimGB'!S41 -> 0.023894369 | T41: =I41*$N$1/'biomass Atlantis newsimGB'!T41 -> 0.0027494522 | ... V41: =K41*$N$1/'biomass Atlantis newsimGB'!V41 -> 0.0016317426 | X41: =B41*$N$1 -> 2939.5122 | Y41: =C41*$N$1 -> 5349.5453 | Z41: =D41*$N$1 -> 51524.889 | AA41: =E41*$N$1 -> 11649.588 | AB41: =F41*$N$1 -> 878.17917 | AC41: =G41*$N$1 -> 4192.0873 | AD41: =H41*$N$1 -> 4991.8993 | AE41: =I41*$N$1 -> 11025.068 | ... AG41: =K41*$N$1 -> 1325.6791
A42: 2002 | B42: 2873.086 | C42: 5077.5734 | D42: 65926.932 | E42: 11655.363 | F42: 950.96549 | G42: 4328.2797 | H42: 4935.5954 | I42: 15364.961 | J42: 11200.245 | K42: 1245.8957 | M42: =B42*$N$1/'biomass Atlantis newsimGB'!M42 -> 0.0024159915 | N42: =C42*$N$1/'biomass Atlantis newsimGB'!N42 -> 0.00064081812 | O42: =D42*$N$1/'biomass Atlantis newsimGB'!O42 -> 0.031832973 | P42: =E42*$N$1/'biomass Atlantis newsimGB'!P42 -> 0.012245595 | Q42: =F42*$N$1/'biomass Atlantis newsimGB'!Q42 -> 0.0031397989 | R42: =G42*$N$1/'biomass Atlantis newsimGB'!R42 -> 0.0076478443 | S42: =H42*$N$1/'biomass Atlantis newsimGB'!S42 -> 0.022233023 | T42: =I42*$N$1/'biomass Atlantis newsimGB'!T42 -> 0.0048785211 | ... V42: =K42*$N$1/'biomass Atlantis newsimGB'!V42 -> 0.0015395085 | X42: =B42*$N$1 -> 2873.086 | Y42: =C42*$N$1 -> 5077.5734 | Z42: =D42*$N$1 -> 65926.932 | AA42: =E42*$N$1 -> 11655.363 | AB42: =F42*$N$1 -> 950.96549 | AC42: =G42*$N$1 -> 4328.2797 | AD42: =H42*$N$1 -> 4935.5954 | AE42: =I42*$N$1 -> 15364.961 | ... AG42: =K42*$N$1 -> 1245.8957 | AI42: Devs (log10)
A43: 2003 | B43: 2905.8942 | C43: 4844.8994 | D43: 68600.921 | E43: 11782.843 | F43: 995.4276 | G43: 4601.6661 | H43: 4938.4707 | I43: 14373.865 | J43: 10335.747 | K43: 1113.6343 | M43: =B43*$N$1/'biomass Atlantis newsimGB'!M43 -> 0.0024542572 | N43: =C43*$N$1/'biomass Atlantis newsimGB'!N43 -> 0.00061645634 | O43: =D43*$N$1/'biomass Atlantis newsimGB'!O43 -> 0.037539979 | P43: =E43*$N$1/'biomass Atlantis newsimGB'!P43 -> 0.011882653 | Q43: =F43*$N$1/'biomass Atlantis newsimGB'!Q43 -> 0.0028724289 | R43: =G43*$N$1/'biomass Atlantis newsimGB'!R43 -> 0.007528881 | S43: =H43*$N$1/'biomass Atlantis newsimGB'!S43 -> 0.021243762 | T43: =I43*$N$1/'biomass Atlantis newsimGB'!T43 -> 0.0036337486 | ... V43: =K43*$N$1/'biomass Atlantis newsimGB'!V43 -> 0.0013839847 | X43: =B43*$N$1 -> 2905.8942 | Y43: =C43*$N$1 -> 4844.8994 | Z43: =D43*$N$1 -> 68600.921 | AA43: =E43*$N$1 -> 11782.843 | AB43: =F43*$N$1 -> 995.4276 | AC43: =G43*$N$1 -> 4601.6661 | AD43: =H43*$N$1 -> 4938.4707 | AE43: =I43*$N$1 -> 14373.865 | ... AG43: =K43*$N$1 -> 1113.6343 | AI43: =LOG10(AI17)-$AK31 -> -0.30370384 | AJ43: =LOG10(AJ17)-$AK31 -> -0.29779916 | AK43: =LOG10(AK17)-$AK31 -> -0.26958145 | AL43: =LOG10(AL17)-$AK31 -> -0.28074788 | AM43: =LOG10(AM17)-$AK31 -> -0.21320243 | AN43: =LOG10(AN17)-$AK31 -> -0.25578155 | AO43: =LOG10(AO17)-$AK31 -> -0.22774464 | AP43: =LOG10(AP17)-$AK31 -> -0.23202816 | ... CG43: =LOG10(CG17)-$AK31 -> 0.18730659
A44: 2004 | B44: 2770.5026 | C44: 4718.1857 | D44: 71773.226 | E44: 12212.088 | F44: 1129.7363 | G44: 5220.9167 | H44: 5056.5402 | I44: 19629.318 | J44: 10251.135 | K44: 969.75857 | M44: =B44*$N$1/'biomass Atlantis newsimGB'!M44 -> 0.0021406986 | N44: =C44*$N$1/'biomass Atlantis newsimGB'!N44 -> 0.0006053628 | O44: =D44*$N$1/'biomass Atlantis newsimGB'!O44 -> 0.028154128 | P44: =E44*$N$1/'biomass Atlantis newsimGB'!P44 -> 0.011814681 | Q44: =F44*$N$1/'biomass Atlantis newsimGB'!Q44 -> 0.0028611991 | R44: =G44*$N$1/'biomass Atlantis newsimGB'!R44 -> 0.0082089726 | S44: =H44*$N$1/'biomass Atlantis newsimGB'!S44 -> 0.022124744 | T44: =I44*$N$1/'biomass Atlantis newsimGB'!T44 -> 0.0065825417 | ... V44: =K44*$N$1/'biomass Atlantis newsimGB'!V44 -> 0.0012044222 | X44: =B44*$N$1 -> 2770.5026 | Y44: =C44*$N$1 -> 4718.1857 | Z44: =D44*$N$1 -> 71773.226 | AA44: =E44*$N$1 -> 12212.088 | AB44: =F44*$N$1 -> 1129.7363 | AC44: =G44*$N$1 -> 5220.9167 | AD44: =H44*$N$1 -> 5056.5402 | AE44: =I44*$N$1 -> 19629.318 | ... AG44: =K44*$N$1 -> 969.75857 | AI44: =LOG10(AI18)-$AK32 -> -0.32266105 | AJ44: =LOG10(AJ18)-$AK32 -> -0.43899179 | AK44: =LOG10(AK18)-$AK32 -> -0.48838544 | AL44: =LOG10(AL18)-$AK32 -> -0.51307288 | AM44: =LOG10(AM18)-$AK32 -> -0.50684159 | AN44: =LOG10(AN18)-$AK32 -> -0.48562351 | AO44: =LOG10(AO18)-$AK32 -> -0.45672854 | AP44: =LOG10(AP18)-$AK32 -> -0.4150329 | ... CG44: =LOG10(CG18)-$AK32 -> 0.029653064
A45: 2005 | B45: 3222.8973 | C45: 4612.315 | D45: 105211.67 | E45: 12723.629 | F45: 1322.8906 | G45: 5492.5782 | H45: 4783.4277 | I45: 14218.21 | J45: 10713.299 | K45: 899.68777 | M45: =B45*$N$1/'biomass Atlantis newsimGB'!M45 -> 0.0025645551 | N45: =C45*$N$1/'biomass Atlantis newsimGB'!N45 -> 0.00059386789 | O45: =D45*$N$1/'biomass Atlantis newsimGB'!O45 -> 0.039846366 | P45: =E45*$N$1/'biomass Atlantis newsimGB'!P45 -> 0.01180977 | Q45: =F45*$N$1/'biomass Atlantis newsimGB'!Q45 -> 0.0030507889 | R45: =G45*$N$1/'biomass Atlantis newsimGB'!R45 -> 0.0084847225 | S45: =H45*$N$1/'biomass Atlantis newsimGB'!S45 -> 0.018930728 | T45: =I45*$N$1/'biomass Atlantis newsimGB'!T45 -> 0.0047052224 | ... V45: =K45*$N$1/'biomass Atlantis newsimGB'!V45 -> 0.0011063739 | X45: =B45*$N$1 -> 3222.8973 | Y45: =C45*$N$1 -> 4612.315 | Z45: =D45*$N$1 -> 105211.67 | AA45: =E45*$N$1 -> 12723.629 | AB45: =F45*$N$1 -> 1322.8906 | AC45: =G45*$N$1 -> 5492.5782 | AD45: =H45*$N$1 -> 4783.4277 | AE45: =I45*$N$1 -> 14218.21 | ... AG45: =K45*$N$1 -> 899.68777 | AI45: =LOG10(AI19)-$AK33 -> -0.18220603 | AJ45: =LOG10(AJ19)-$AK33 -> -0.12155902 | AK45: =LOG10(AK19)-$AK33 -> -0.046070373 | AL45: =LOG10(AL19)-$AK33 -> 0.046919249 | AM45: =LOG10(AM19)-$AK33 -> 0.15258053 | AN45: =LOG10(AN19)-$AK33 -> 0.25604178 | AO45: =LOG10(AO19)-$AK33 -> 0.35977264 | AP45: =LOG10(AP19)-$AK33 -> 0.43198406 | ... CG45: =LOG10(CG19)-$AK33 -> 0.013930752
A46: 2006 | B46: 3693.1138 | C46: 4489.5528 | D46: 116699.26 | E46: 12778.694 | F46: 1426.6893 | G46: 5509.4794 | H46: 5073.889 | I46: 19792.392 | J46: 11894.109 | K46: 972.16412 | M46: =B46*$N$1/'biomass Atlantis newsimGB'!M46 -> 0.0030142594 | N46: =C46*$N$1/'biomass Atlantis newsimGB'!N46 -> 0.0005807822 | O46: =D46*$N$1/'biomass Atlantis newsimGB'!O46 -> 0.053685234 | P46: =E46*$N$1/'biomass Atlantis newsimGB'!P46 -> 0.011674357 | Q46: =F46*$N$1/'biomass Atlantis newsimGB'!Q46 -> 0.0029540955 | R46: =G46*$N$1/'biomass Atlantis newsimGB'!R46 -> 0.0082998654 | S46: =H46*$N$1/'biomass Atlantis newsimGB'!S46 -> 0.021112045 | T46: =I46*$N$1/'biomass Atlantis newsimGB'!T46 -> 0.0056372266 | ... V46: =K46*$N$1/'biomass Atlantis newsimGB'!V46 -> 0.0012104451 | X46: =B46*$N$1 -> 3693.1138 | Y46: =C46*$N$1 -> 4489.5528 | Z46: =D46*$N$1 -> 116699.26 | AA46: =E46*$N$1 -> 12778.694 | AB46: =F46*$N$1 -> 1426.6893 | AC46: =G46*$N$1 -> 5509.4794 | AD46: =H46*$N$1 -> 5073.889 | AE46: =I46*$N$1 -> 19792.392 | ... AG46: =K46*$N$1 -> 972.16412 | AI46: =LOG10(AI20)-$AK34 -> -0.22268455 | AJ46: =LOG10(AJ20)-$AK34 -> -0.22041683 | AK46: =LOG10(AK20)-$AK34 -> -0.28226022 | AL46: =LOG10(AL20)-$AK34 -> -0.32954982 | AM46: =LOG10(AM20)-$AK34 -> -0.3490399 | AN46: =LOG10(AN20)-$AK34 -> -0.30216644 | AO46: =LOG10(AO20)-$AK34 -> -0.24609353 | AP46: =LOG10(AP20)-$AK34 -> -0.21832932 | ... CG46: =LOG10(CG20)-$AK34 -> 0.0041665895
A47: 2007 | B47: 4137.1734 | C47: 4382.6154 | D47: 116302.53 | E47: 12958.047 | F47: 1554.102 | G47: 5538.4266 | H47: 4970.5538 | I47: 26234.769 | J47: 12486.882 | K47: 1058.6033 | M47: =B47*$N$1/'biomass Atlantis newsimGB'!M47 -> 0.0034599519 | N47: =C47*$N$1/'biomass Atlantis newsimGB'!N47 -> 0.00057115443 | O47: =D47*$N$1/'biomass Atlantis newsimGB'!O47 -> 0.06443346 | P47: =E47*$N$1/'biomass Atlantis newsimGB'!P47 -> 0.011531029 | Q47: =F47*$N$1/'biomass Atlantis newsimGB'!Q47 -> 0.0028881335 | R47: =G47*$N$1/'biomass Atlantis newsimGB'!R47 -> 0.0080376562 | S47: =H47*$N$1/'biomass Atlantis newsimGB'!S47 -> 0.020381776 | T47: =I47*$N$1/'biomass Atlantis newsimGB'!T47 -> 0.0099463041 | ... V47: =K47*$N$1/'biomass Atlantis newsimGB'!V47 -> 0.0013154583 | X47: =B47*$N$1 -> 4137.1734 | Y47: =C47*$N$1 -> 4382.6154 | Z47: =D47*$N$1 -> 116302.53 | AA47: =E47*$N$1 -> 12958.047 | AB47: =F47*$N$1 -> 1554.102 | AC47: =G47*$N$1 -> 5538.4266 | AD47: =H47*$N$1 -> 4970.5538 | AE47: =I47*$N$1 -> 26234.769 | ... AG47: =K47*$N$1 -> 1058.6033 | AI47: =LOG10(AI21)-$AK35 -> 0.060117852 | AJ47: =LOG10(AJ21)-$AK35 -> 0.32636784 | AK47: =LOG10(AK21)-$AK35 -> 0.081624446 | AL47: =LOG10(AL21)-$AK35 -> -0.039525166 | AM47: =LOG10(AM21)-$AK35 -> -0.11000429 | AN47: =LOG10(AN21)-$AK35 -> -0.15223828 | AO47: =LOG10(AO21)-$AK35 -> -0.17546065 | AP47: =LOG10(AP21)-$AK35 -> -0.18375007 | ... CG47: =LOG10(CG21)-$AK35 -> -0.044301592
A48: 2008 | B48: 4343.8839 | C48: 4249.1755 | D48: 102456.48 | E48: 13115.519 | F48: 1710.0182 | G48: 5680.8299 | H48: 4941.2765 | I48: 21320.057 | J48: 12625.281 | K48: 1146.1477 | M48: =B48*$N$1/'biomass Atlantis newsimGB'!M48 -> 0.0037181196 | N48: =C48*$N$1/'biomass Atlantis newsimGB'!N48 -> 0.00055326259 | O48: =D48*$N$1/'biomass Atlantis newsimGB'!O48 -> 0.059136828 | P48: =E48*$N$1/'biomass Atlantis newsimGB'!P48 -> 0.011322089 | Q48: =F48*$N$1/'biomass Atlantis newsimGB'!Q48 -> 0.0028768865 | R48: =G48*$N$1/'biomass Atlantis newsimGB'!R48 -> 0.0079238174 | S48: =H48*$N$1/'biomass Atlantis newsimGB'!S48 -> 0.019904496 | T48: =I48*$N$1/'biomass Atlantis newsimGB'!T48 -> 0.0063059508 | ... V48: =K48*$N$1/'biomass Atlantis newsimGB'!V48 -> 0.0014388085 | X48: =B48*$N$1 -> 4343.8839 | Y48: =C48*$N$1 -> 4249.1755 | Z48: =D48*$N$1 -> 102456.48 | AA48: =E48*$N$1 -> 13115.519 | AB48: =F48*$N$1 -> 1710.0182 | AC48: =G48*$N$1 -> 5680.8299 | AD48: =H48*$N$1 -> 4941.2765 | AE48: =I48*$N$1 -> 21320.057 | ... AG48: =K48*$N$1 -> 1146.1477 | AI48: =LOG10(AI22)-$AK36 -> -0.32825512 | AJ48: =LOG10(AJ22)-$AK36 -> -0.18935921 | AK48: =LOG10(AK22)-$AK36 -> -0.35663513 | AL48: =LOG10(AL22)-$AK36 -> -0.36814129 | AM48: =LOG10(AM22)-$AK36 -> -0.36444461 | AN48: =LOG10(AN22)-$AK36 -> -0.36242338 | AO48: =LOG10(AO22)-$AK36 -> -0.33973221 | AP48: =LOG10(AP22)-$AK36 -> -0.3135134 | ... CG48: =LOG10(CG22)-$AK36 -> 0.035168045
A49: 2009 | B49: 4059.6358 | C49: 4194.1054 | D49: 104221.46 | E49: 13560.165 | F49: 1844.28 | G49: 5758.04 | H49: 5038.852 | I49: 23413.335 | J49: 12907.683 | K49: 1115.8052 | M49: =B49*$N$1/'biomass Atlantis newsimGB'!M49 -> 0.0035459768 | N49: =C49*$N$1/'biomass Atlantis newsimGB'!N49 -> 0.0005472681 | O49: =D49*$N$1/'biomass Atlantis newsimGB'!O49 -> 0.071552016 | P49: =E49*$N$1/'biomass Atlantis newsimGB'!P49 -> 0.011183409 | Q49: =F49*$N$1/'biomass Atlantis newsimGB'!Q49 -> 0.0028179671 | R49: =G49*$N$1/'biomass Atlantis newsimGB'!R49 -> 0.0077570724 | S49: =H49*$N$1/'biomass Atlantis newsimGB'!S49 -> 0.020590687 | T49: =I49*$N$1/'biomass Atlantis newsimGB'!T49 -> 0.0059110869 | ... V49: =K49*$N$1/'biomass Atlantis newsimGB'!V49 -> 0.0013966473 | X49: =B49*$N$1 -> 4059.6358 | Y49: =C49*$N$1 -> 4194.1054 | Z49: =D49*$N$1 -> 104221.46 | AA49: =E49*$N$1 -> 13560.165 | AB49: =F49*$N$1 -> 1844.28 | AC49: =G49*$N$1 -> 5758.04 | AD49: =H49*$N$1 -> 5038.852 | AE49: =I49*$N$1 -> 23413.335 | ... AG49: =K49*$N$1 -> 1115.8052 | AI49: =LOG10(AI23)-$AK37 -> -0.0018139202 | AJ49: =LOG10(AJ23)-$AK37 -> -0.020131955 | AK49: =LOG10(AK23)-$AK37 -> -0.16357944 | AL49: =LOG10(AL23)-$AK37 -> -0.24875912 | AM49: =LOG10(AM23)-$AK37 -> -0.28012284 | AN49: =LOG10(AN23)-$AK37 -> -0.30648857 | AO49: =LOG10(AO23)-$AK37 -> -0.28793156 | AP49: =LOG10(AP23)-$AK37 -> -0.295415 | ... CG49: =LOG10(CG23)-$AK37 -> -0.00506139
A50: 2010 | B50: 3797.9764 | C50: 4149.3931 | D50: 90076.083 | E50: 14138.975 | F50: 1963.6065 | G50: 5862.0549 | H50: 4916.2596 | I50: 31482.365 | J50: 13128.351 | K50: 1104.2541 | M50: =B50*$N$1/'biomass Atlantis newsimGB'!M50 -> 0.0033806723 | N50: =C50*$N$1/'biomass Atlantis newsimGB'!N50 -> 0.0005431565 | O50: =D50*$N$1/'biomass Atlantis newsimGB'!O50 -> 0.069374808 | P50: =E50*$N$1/'biomass Atlantis newsimGB'!P50 -> 0.011273548 | Q50: =F50*$N$1/'biomass Atlantis newsimGB'!Q50 -> 0.0027503932 | R50: =G50*$N$1/'biomass Atlantis newsimGB'!R50 -> 0.0076289378 | S50: =H50*$N$1/'biomass Atlantis newsimGB'!S50 -> 0.019498189 | T50: =I50*$N$1/'biomass Atlantis newsimGB'!T50 -> 0.0069132198 | ... V50: =K50*$N$1/'biomass Atlantis newsimGB'!V50 -> 0.001388977 | X50: =B50*$N$1 -> 3797.9764 | Y50: =C50*$N$1 -> 4149.3931 | Z50: =D50*$N$1 -> 90076.083 | AA50: =E50*$N$1 -> 14138.975 | AB50: =F50*$N$1 -> 1963.6065 | AC50: =G50*$N$1 -> 5862.0549 | AD50: =H50*$N$1 -> 4916.2596 | AE50: =I50*$N$1 -> 31482.365 | ... AG50: =K50*$N$1 -> 1104.2541 | AI50: =LOG10(AI24)-$AK38 -> 0.24957978 | AJ50: =LOG10(AJ24)-$AK38 -> 0.15444915 | AK50: =LOG10(AK24)-$AK38 -> 0.23585027 | AL50: =LOG10(AL24)-$AK38 -> 0.19184031 | AM50: =LOG10(AM24)-$AK38 -> 0.20739304 | AN50: =LOG10(AN24)-$AK38 -> 0.34260705 | AO50: =LOG10(AO24)-$AK38 -> 0.47324702 | AP50: =LOG10(AP24)-$AK38 -> 0.44432008 | ... CG50: =LOG10(CG24)-$AK38 -> -0.43025934
A51: 2011 | B51: 3870.8887 | C51: 4109.6048 | D51: 78181.993 | E51: 14556.305 | F51: 2257.0469 | G51: 6202.5142 | H51: 5000.6517 | I51: 33365.796 | J51: 13390.976 | K51: 1149.4867 | M51: =B51*$N$1/'biomass Atlantis newsimGB'!M51 -> 0.0035039391 | N51: =C51*$N$1/'biomass Atlantis newsimGB'!N51 -> 0.00053737144 | O51: =D51*$N$1/'biomass Atlantis newsimGB'!O51 -> 0.057737663 | P51: =E51*$N$1/'biomass Atlantis newsimGB'!P51 -> 0.011364087 | Q51: =F51*$N$1/'biomass Atlantis newsimGB'!Q51 -> 0.0030267026 | R51: =G51*$N$1/'biomass Atlantis newsimGB'!R51 -> 0.0078418961 | S51: =H51*$N$1/'biomass Atlantis newsimGB'!S51 -> 0.019852217 | T51: =I51*$N$1/'biomass Atlantis newsimGB'!T51 -> 0.006371058 | ... V51: =K51*$N$1/'biomass Atlantis newsimGB'!V51 -> 0.0014225106 | X51: =B51*$N$1 -> 3870.8887 | Y51: =C51*$N$1 -> 4109.6048 | Z51: =D51*$N$1 -> 78181.993 | AA51: =E51*$N$1 -> 14556.305 | AB51: =F51*$N$1 -> 2257.0469 | AC51: =G51*$N$1 -> 6202.5142 | AD51: =H51*$N$1 -> 5000.6517 | AE51: =I51*$N$1 -> 33365.796 | ... AG51: =K51*$N$1 -> 1149.4867 | AI51: =LOG10(AI25)-$AK39 -> -0.30062913 | AJ51: =LOG10(AJ25)-$AK39 -> -0.34587386 | AK51: =LOG10(AK25)-$AK39 -> -0.34545473 | AL51: =LOG10(AL25)-$AK39 -> -0.35030055 | AM51: =LOG10(AM25)-$AK39 -> -0.33530279 | AN51: =LOG10(AN25)-$AK39 -> -0.27602562 | AO51: =LOG10(AO25)-$AK39 -> -0.19325339 | AP51: =LOG10(AP25)-$AK39 -> -0.18895384 | ... CG51: =LOG10(CG25)-$AK39 -> -1.6644165
A52: 2012 | B52: 3822.2195 | C52: 4049.1942 | D52: 86471.903 | E52: 14636.329 | F52: 2349.4137 | G52: 6215.9797 | H52: 4977.0425 | I52: 38882.383 | J52: 13159.053 | K52: 1143.5996 | M52: =B52*$N$1/'biomass Atlantis newsimGB'!M52 -> 0.0034938117 | N52: =C52*$N$1/'biomass Atlantis newsimGB'!N52 -> 0.00052617991 | O52: =D52*$N$1/'biomass Atlantis newsimGB'!O52 -> 0.070963378 | P52: =E52*$N$1/'biomass Atlantis newsimGB'!P52 -> 0.011284098 | Q52: =F52*$N$1/'biomass Atlantis newsimGB'!Q52 -> 0.0029795636 | R52: =G52*$N$1/'biomass Atlantis newsimGB'!R52 -> 0.0077391802 | S52: =H52*$N$1/'biomass Atlantis newsimGB'!S52 -> 0.01969729 | T52: =I52*$N$1/'biomass Atlantis newsimGB'!T52 -> 0.0067112137 | ... V52: =K52*$N$1/'biomass Atlantis newsimGB'!V52 -> 0.0014360496 | X52: =B52*$N$1 -> 3822.2195 | Y52: =C52*$N$1 -> 4049.1942 | Z52: =D52*$N$1 -> 86471.903 | AA52: =E52*$N$1 -> 14636.329 | AB52: =F52*$N$1 -> 2349.4137 | AC52: =G52*$N$1 -> 6215.9797 | AD52: =H52*$N$1 -> 4977.0425 | AE52: =I52*$N$1 -> 38882.383 | ... AG52: =K52*$N$1 -> 1143.5996 | AI52: -999 | AJ52: -999 | AK52: -999 | AL52: -999 | AM52: -999 | AN52: -999 | AO52: -999 | AP52: -999 | AQ52: -999 | AR52: -999 | AS52: -999 | AT52: -999 | AU52: -999 | AV52: -999 | AW52: -999 | AX52: -999 | AY52: -999 | AZ52: -999 | BA52: -999 | BB52: -999 | BC52: -999 | BD52: -999 | BE52: -999 | BF52: -999 | BG52: -999 | BH52: -999 | BI52: -999 | BJ52: -999 | BK52: -999 | BL52: -999 | BM52: -999 | BN52: -999 | BO52: -999 | BP52: -999 | BQ52: -999 | BR52: -999 | BS52: -999 | BT52: -999 | BU52: -999 | BV52: -999 | BW52: -999 | BX52: -999 | BY52: -999 | BZ52: -999 | CA52: -999 | CB52: -999 | CC52: -999 | CD52: -999 | CE52: -999 | CF52: -999 | CG52: -999
A53: 2013 | B53: 3678.5926 | C53: 3994.5309 | D53: 76484.709 | E53: 14710.997 | F53: 2324.4415 | G53: 6257.5463 | H53: 4970.1683 | I53: 39616.946 | J53: 12881.291 | K53: 1113.0459 | M53: =B53*$N$1/'biomass Atlantis newsimGB'!M53 -> 0.0034184616 | N53: =C53*$N$1/'biomass Atlantis newsimGB'!N53 -> 0.00051820052 | O53: =D53*$N$1/'biomass Atlantis newsimGB'!O53 -> 0.067508655 | P53: =E53*$N$1/'biomass Atlantis newsimGB'!P53 -> 0.011112574 | Q53: =F53*$N$1/'biomass Atlantis newsimGB'!Q53 -> 0.002760457 | R53: =G53*$N$1/'biomass Atlantis newsimGB'!R53 -> 0.0075077152 | S53: =H53*$N$1/'biomass Atlantis newsimGB'!S53 -> 0.019389675 | T53: =I53*$N$1/'biomass Atlantis newsimGB'!T53 -> 0.0061699661 | ... V53: =K53*$N$1/'biomass Atlantis newsimGB'!V53 -> 0.0013841857 | X53: =B53*$N$1 -> 3678.5926 | Y53: =C53*$N$1 -> 3994.5309 | Z53: =D53*$N$1 -> 76484.709 | AA53: =E53*$N$1 -> 14710.997 | AB53: =F53*$N$1 -> 2324.4415 | AC53: =G53*$N$1 -> 6257.5463 | AD53: =H53*$N$1 -> 4970.1683 | AE53: =I53*$N$1 -> 39616.946 | ... AG53: =K53*$N$1 -> 1113.0459
A54: 2014 | B54: 3957.6527 | C54: 3982.5566 | D54: 72211.032 | E54: 14864.084 | F54: 2534.0849 | G54: 6512.2252 | H54: 4916.2449 | I54: 46583.645 | J54: 12893.741 | K54: 1209.6877 | M54: =B54*$N$1/'biomass Atlantis newsimGB'!M54 -> 0.0034895997 | N54: =C54*$N$1/'biomass Atlantis newsimGB'!N54 -> 0.00051567416 | O54: =D54*$N$1/'biomass Atlantis newsimGB'!O54 -> 0.067040695 | P54: =E54*$N$1/'biomass Atlantis newsimGB'!P54 -> 0.011089947 | Q54: =F54*$N$1/'biomass Atlantis newsimGB'!Q54 -> 0.0028849114 | R54: =G54*$N$1/'biomass Atlantis newsimGB'!R54 -> 0.0077034858 | S54: =H54*$N$1/'biomass Atlantis newsimGB'!S54 -> 0.018736597 | T54: =I54*$N$1/'biomass Atlantis newsimGB'!T54 -> 0.0094654848 | ... V54: =K54*$N$1/'biomass Atlantis newsimGB'!V54 -> 0.0015300146 | X54: =B54*$N$1 -> 3957.6527 | Y54: =C54*$N$1 -> 3982.5566 | Z54: =D54*$N$1 -> 72211.032 | AA54: =E54*$N$1 -> 14864.084 | AB54: =F54*$N$1 -> 2534.0849 | AC54: =G54*$N$1 -> 6512.2252 | AD54: =H54*$N$1 -> 4916.2449 | AE54: =I54*$N$1 -> 46583.645 | ... AG54: =K54*$N$1 -> 1209.6877
A55: 2014.14 | B55: 62.227933 | C55: 111.28028 | D55: 2344.7997 | E55: 425.37399 | F55: 52.441119 | G55: 148.34513 | H55: 57.118747 | I55: 185.22794 | J55: 347.02735 | K55: 21.619451 | M55: =B55*$N$1/'biomass Atlantis newsimGB'!M55 -> 5.4667129e-05 | N55: =C55*$N$1/'biomass Atlantis newsimGB'!N55 -> 1.4338527e-05 | O55: =D55*$N$1/'biomass Atlantis newsimGB'!O55 -> 0.0021262753 | P55: =E55*$N$1/'biomass Atlantis newsimGB'!P55 -> 0.00031693904 | Q55: =F55*$N$1/'biomass Atlantis newsimGB'!Q55 -> 6.1130231e-05 | R55: =G55*$N$1/'biomass Atlantis newsimGB'!R55 -> 0.00017793097 | S55: =H55*$N$1/'biomass Atlantis newsimGB'!S55 -> 0.00023019121 | T55: =I55*$N$1/'biomass Atlantis newsimGB'!T55 -> 3.7609561e-05 | ... V55: =K55*$N$1/'biomass Atlantis newsimGB'!V55 -> 2.7048962e-05 | X55: =B55*$N$1 -> 62.227933 | Y55: =C55*$N$1 -> 111.28028 | Z55: =D55*$N$1 -> 2344.7997 | AA55: =E55*$N$1 -> 425.37399 | AB55: =F55*$N$1 -> 52.441119 | AC55: =G55*$N$1 -> 148.34513 | AD55: =H55*$N$1 -> 57.118747 | AE55: =I55*$N$1 -> 185.22794 | ... AG55: =K55*$N$1 -> 21.619451
AI56: =10^-999 -> 0

Sheet biomass Atlantis
B1: spinydog | C1: winterskate | D1: Aherring | E1: Acod | F1: haddock | G1: yellowtailfl | H1: winterfl | I1: Amackerel | J1: Sea raven | K1: Sandlance
A2: relBio | B2: Spiny Dogfish | C2: Skates and rays | D2: Herring | E2: Cod | F2: Haddock | G2: YT | H2: Other demersal flatfish | I2: Mackerel | J2: Other demersals | K2: Other pelagics | M2: initial bio from my mod
A3: Year | B3: RelSHB | C3: RelSSK | D3: RelFPS | E3: RelFDS | F3: RelFDO | G3: RelFDF | H3: RelFVB | I3: RelFPL | J3: RelFDC | K3: RelFBP | M3: spinydog | N3: winterskate | O3: Aherring | P3: Acod | Q3: haddock | R3: yellowtailfl | S3: winterfl | T3: Amackerel | U3: Sea raven | V3: Sandlance
A4: 1964 | B4: 1 | C4: 1 | D4: 1 | E4: 1 | F4: 1 | G4: 1 | H4: 1 | I4: 1 | J4: 1 | K4: 1 | M4: 322944 | N4: 9413770 | O4: 2994860 | P4: 2778160 | Q4: 15591200 | R4: 4914660 | S4: 1363490 | T4: 2136940 | U4: 328326 | V4: 1975530 | X4: 322944 | Y4: 318582.96 | Z4: 313505.32 | AA4: 311187.22 | AB4: 313237.27 | AC4: 321777.2 | AD4: 335764.23 | AE4: 355575.23 | AF4: 391881.24 | AG4: 420356.83 | AH4: 453098.18 | AI4: 489544.35 | AJ4: 526790.45 | AK4: 564224.18 | AL4: 603763.18 | AM4: 644112.13 | AN4: 685405.04 | AO4: 717264.44 | AP4: 744810.27 | AQ4: 767269.73 | AR4: 789731.13 | AS4: 979954.84 | AT4: 985479.76 | AU4: 1000515.4 | AV4: 1023820.6 | AW4: 1049917.4 | AX4: 1078689.5 | AY4: 1224782.9 | AZ4: 1201531.2 | BA4: 1187721.2 | BB4: 1173336 | BC4: 1164290.9 | BD4: 1156423.7 | BE4: 1203591.6 | BF4: 1187939.5 | BG4: 1174918.7 | BH4: 1164941.4 | BI4: 1200004.7 | BJ4: 1189195.4 | BK4: 1184021.9 | BL4: 1294204.9 | BM4: 1256708.2 | BN4: 1225214.3 | BO4: 1195731.5 | BP4: 1168301.3 | BQ4: 1144856.8 | BR4: 1123438.2 | BS4: 1104724.9 | BT4: 1093997 | BU4: 1076095.9 | BV4: 1134128 | BW4: 1138306.2
A5: 1965 | B5: 0.986496 | C5: 1.307166 | D5: 0.869667 | E5: 0.994792 | F5: 0.541689 | G5: 0.72628 | H5: 1.043081 | I5: 1.244889 | J5: 1.268142 | K5: 1.21678 | M5: =B5*M$4 -> 318582.96 | N5: =C5*N$4 -> 12305360 | O5: =D5*O$4 -> 2604530.9 | P5: =E5*P$4 -> 2763691.3 | Q5: =F5*Q$4 -> 8445581.5 | R5: =G5*R$4 -> 3569419.3 | S5: =H5*S$4 -> 1422230.5 | T5: =I5*T$4 -> 2660253.1 | ... V5: =K5*V$4 -> 2403785.4 | X5: 9413770 | Y5: 12305360 | Z5: 14523527 | AA5: 16346230 | AB5: 17538089 | AC5: 18730475 | AD5: 19930617 | AE5: 20381857 | AF5: 21123267 | AG5: 21908064 | AH5: 21841161 | AI5: 22158913 | AJ5: 22389485 | AK5: 21541869 | AL5: 21308407 | AM5: 21106746 | AN5: 19753413 | AO5: 19068476 | AP5: 18336452 | AQ5: 16946255 | AR5: 16085422 | AS5: 15539141 | AT5: 14373547 | AU5: 13589342 | AV5: 12868605 | AW5: 12205122 | AX5: 11590940 | AY5: 11095728 | AZ5: 10650485 | BA5: 10228071 | BB5: 9914450.8 | BC5: 9593714.2 | BD5: 9226765.5 | BE5: 8993661.7 | BF5: 8695970 | BG5: 8469437.1 | BH5: 8215500.6 | BI5: 8037542.7 | BJ5: 7923579.6 | BK5: 7859274.2 | BL5: 7793980.3 | BM5: 7766567.4 | BN5: 7730183.1 | BO5: 7673258.1 | BP5: 7680214.8 | BQ5: 7663712.5 | BR5: 7639406.1 | BS5: 7647605.5 | BT5: 7695455.7 | BU5: 7708465.6 | BV5: 7723009.8 | BW5: 7760928.5
A6: 1966 | B6: 0.970773 | C6: 1.542796 | D6: 0.715139 | E6: 1.018937 | F6: 0.441508 | G6: 0.75197 | H6: 0.938271 | I6: 0.974857 | J6: 1.517843 | K6: 1.357437 | M6: =B6*M$4 -> 313505.32 | N6: =C6*N$4 -> 14523527 | O6: =D6*O$4 -> 2141741.2 | P6: =E6*P$4 -> 2830770 | Q6: =F6*Q$4 -> 6883639.5 | R6: =G6*R$4 -> 3695676.9 | S6: =H6*S$4 -> 1279323.1 | T6: =I6*T$4 -> 2083210.9 | ... V6: =K6*V$4 -> 2681657.5 | X6: 2994860 | Y6: 2604530.9 | Z6: 2141741.2 | AA6: 1696510.3 | AB6: 1316184.1 | AC6: 1020148.1 | AD6: 796743.57 | AE6: 668707.32 | AF6: 542216.41 | AG6: 473550.26 | AH6: 448896.57 | AI6: 493717.65 | AJ6: 397879.13 | AK6: 340716.24 | AL6: 668887.01 | AM6: 1043678.8 | AN6: 1353107.7 | AO6: 1528923.9 | AP6: 1662839.1 | AQ6: 2168901.6 | AR6: 2146757.6 | AS6: 2110259.2 | AT6: 2066905.6 | AU6: 1997122.4 | AV6: 1918926.6 | AW6: 1844720 | AX6: 1774274.9 | AY6: 1854537.1 | AZ6: 1770558.2 | BA6: 1704440.7 | BB6: 2202171.5 | BC6: 2420113.4 | BD6: 2192195.6 | BE6: 2768020.3 | BF6: 2431449 | BG6: 2208835 | BH6: 1989204 | BI6: 2273224.5 | BJ6: 2071026.6 | BK6: 1827409.7 | BL6: 2549296.7 | BM6: 2640433.3 | BN6: 2173768.2 | BO6: 1805002.1 | BP6: 1732532.5 | BQ6: 1456583.1 | BR6: 1298397.6 | BS6: 1354090 | BT6: 1218542.6 | BU6: 1132961.5 | BV6: 1077122.4 | BW6: 1102773.3
A7: 1967 | B7: 0.963595 | C7: 1.736417 | D7: 0.566474 | E7: 1.122334 | F7: 0.379628 | G7: 0.714927 | H7: 0.863131 | I7: 1.208799 | J7: 1.604383 | K7: 1.444799 | M7: =B7*M$4 -> 311187.22 | N7: =C7*N$4 -> 16346230 | O7: =D7*O$4 -> 1696510.3 | P7: =E7*P$4 -> 3118023.4 | Q7: =F7*Q$4 -> 5918856.1 | R7: =G7*R$4 -> 3513623.1 | S7: =H7*S$4 -> 1176870.5 | T7: =I7*T$4 -> 2583130.9 | ... V7: =K7*V$4 -> 2854243.8 | X7: 2778160 | Y7: 2763691.3 | Z7: 2830770 | AA7: 3118023.4 | AB7: 3595266.9 | AC7: 3788993.5 | AD7: 3674255.5 | AE7: 3550288.5 | AF7: 3392766.8 | AG7: 3219656.9 | AH7: 3066580.2 | AI7: 2912625.7 | AJ7: 2737093.2 | AK7: 2562230.3 | AL7: 2422916.7 | AM7: 2248162.1 | AN7: 2076421.8 | AO7: 1934455 | AP7: 1809640.6 | AQ7: 1682423.1 | AR7: 1565607.1 | AS7: 1472716.5 | AT7: 1384334.9 | AU7: 1304268.3 | AV7: 1208027.3 | AW7: 1118064.9 | AX7: 1049797.2 | AY7: 1021879.5 | AZ7: 996187.06 | BA7: 969111.11 | BB7: 964196.54 | BC7: 951633.7 | BD7: 933072.82 | BE7: 923235.35 | BF7: 902985.34 | BG7: 898395.82 | BH7: 904571.67 | BI7: 922382.46 | BJ7: 951800.39 | BK7: 991600.31 | BL7: 1033636.7 | BM7: 1077381.6 | BN7: 1094595 | BO7: 1123754.6 | BP7: 1158401 | BQ7: 1212525.2 | BR7: 1254172.6 | BS7: 1280904 | BT7: 1297075.7 | BU7: 1323815.5 | BV7: 1340320.5 | BW7: 1342131.9
A8: 1968 | B8: 0.969943 | C8: 1.863025 | D8: 0.439481 | E8: 1.294118 | F8: 0.334951 | G8: 0.649541 | H8: 0.793899 | I8: 1.322042 | J8: 1.584839 | K8: 1.468062 | M8: =B8*M$4 -> 313237.27 | N8: =C8*N$4 -> 17538089 | O8: =D8*O$4 -> 1316184.1 | P8: =E8*P$4 -> 3595266.9 | Q8: =F8*Q$4 -> 5222288 | R8: =G8*R$4 -> 3192273.2 | S8: =H8*S$4 -> 1082473.3 | T8: =I8*T$4 -> 2825124.4 | ... V8: =K8*V$4 -> 2900200.5 | X8: 15591200 | Y8: 8445581.5 | Z8: 6883639.5 | AA8: 5918856.1 | AB8: 5222288 | AC8: 4622572.5 | AD8: 4177272.3 | AE8: 3782799.3 | AF8: 3462587.2 | AG8: 3199750.8 | AH8: 2969577.9 | AI8: 2769620.8 | AJ8: 2562865.9 | AK8: 2366401.2 | AL8: 2194211.9 | AM8: 2006930.4 | AN8: 1841819.6 | AO8: 1685845.3 | AP8: 1519315.7 | AQ8: 1346066.3 | AR8: 1166658.3 | AS8: 1020225.8 | AT8: 855224.09 | AU8: 720173.12 | AV8: 582471.64 | AW8: 472304.22 | AX8: 430130.03 | AY8: 411155.54 | AZ8: 389327.86 | BA8: 370041.54 | BB8: 342710.17 | BC8: 323673.31 | BD8: 301050.48 | BE8: 287829.14 | BF8: 267124.03 | BG8: 258782.74 | BH8: 259546.71 | BI8: 276478.75 | BJ8: 302874.65 | BK8: 346545.6 | BL8: 394847.14 | BM8: 433622.45 | BN8: 482953.01 | BO8: 538099.09 | BP8: 594398.91 | BQ8: 654471.8 | BR8: 713936.64 | BS8: 745711.5 | BT8: 788509.35 | BU8: 842049.53 | BV8: 878392.62 | BW8: 857859.01
A9: 1969 | B9: 0.996387 | C9: 1.989689 | D9: 0.340633 | E9: 1.36385 | F9: 0.296486 | G9: 0.619087 | H9: 0.755971 | I9: 0.967718 | J9: 1.541283 | K9: 1.46264 | M9: =B9*M$4 -> 321777.2 | N9: =C9*N$4 -> 18730475 | O9: =D9*O$4 -> 1020148.1 | P9: =E9*P$4 -> 3788993.5 | Q9: =F9*Q$4 -> 4622572.5 | R9: =G9*R$4 -> 3042602.1 | S9: =H9*S$4 -> 1030758.9 | T9: =I9*T$4 -> 2067955.3 | ... V9: =K9*V$4 -> 2889489.2 | X9: 4914660 | Y9: 3569419.3 | Z9: 3695676.9 | AA9: 3513623.1 | AB9: 3192273.2 | AC9: 3042602.1 | AD9: 2900131 | AE9: 2759537.4 | AF9: 2587509.5 | AG9: 2513401.4 | AH9: 2359602 | AI9: 2226842.3 | AJ9: 2043972.7 | AK9: 1943792.3 | AL9: 1792332.3 | AM9: 1659130.2 | AN9: 1499836.3 | AO9: 1336590.9 | AP9: 1220177.4 | AQ9: 1099276.7 | AR9: 974208.48 | AS9: 864464.12 | AT9: 751584.21 | AU9: 664304.76 | AV9: 575998.15 | AW9: 517228.65 | AX9: 521243.92 | AY9: 540774.78 | AZ9: 529957.62 | BA9: 507232.23 | BB9: 506323.02 | BC9: 511517.81 | BD9: 487396.66 | BE9: 468755.36 | BF9: 469841.5 | BG9: 470524.63 | BH9: 492237.6 | BI9: 526443.64 | BJ9: 565947.67 | BK9: 611201.86 | BL9: 636001.24 | BM9: 647349.19 | BN9: 663803.47 | BO9: 689059.91 | BP9: 716930.94 | BQ9: 742295.5 | BR9: 768397.26 | BS9: 790945.72 | BT9: 803183.23 | BU9: 833482.1 | BV9: 845360.84 | BW9: 833722.92
A10: 1970 | B10: 1.039698 | C10: 2.117177 | D10: 0.266037 | E10: 1.32255 | F10: 0.267925 | G10: 0.590098 | H10: 0.692775 | I10: 0.712073 | J10: 1.49579 | K10: 1.433329 | M10: =B10*M$4 -> 335764.23 | N10: =C10*N$4 -> 19930617 | O10: =D10*O$4 -> 796743.57 | P10: =E10*P$4 -> 3674255.5 | Q10: =F10*Q$4 -> 4177272.3 | R10: =G10*R$4 -> 2900131 | S10: =H10*S$4 -> 944591.78 | T10: =I10*T$4 -> 1521657.3 | ... V10: =K10*V$4 -> 2831584.4 | X10: 1363490 | Y10: 1422230.5 | Z10: 1279323.1 | AA10: 1176870.5 | AB10: 1082473.3 | AC10: 1030758.9 | AD10: 944591.78 | AE10: 897859.53 | AF10: 826456.28 | AG10: 765167.41 | AH10: 703410.86 | AI10: 648700.82 | AJ10: 580096.82 | AK10: 517803.05 | AL10: 458068.56 | AM10: 414293.71 | AN10: 377658.1 | AO10: 322050.88 | AP10: 303428.34 | AQ10: 295897.78 | AR10: 277219.33 | AS10: 243318.88 | AT10: 231144.28 | AU10: 226624.31 | AV10: 210239.25 | AW10: 195689.45 | AX10: 217203.96 | AY10: 226427.97 | AZ10: 195858.52 | BA10: 203399.98 | BB10: 199169.07 | BC10: 201838.79 | BD10: 196143.49 | BE10: 219414.17 | BF10: 197286.1 | BG10: 204249.44 | BH10: 198415.06 | BI10: 208915.3 | BJ10: 221993.9 | BK10: 232466.86 | BL10: 228546.83 | BM10: 252680.6 | BN10: 240331.47 | BO10: 243872.46 | BP10: 248249.26 | BQ10: 244715.09 | BR10: 252139.3 | BS10: 251893.87 | BT10: 252676.51 | BU10: 256330.67 | BV10: 262387.29 | BW10: 248136.09
A11: 1971 | B11: 1.101043 | C11: 2.165111 | D11: 0.223285 | E11: 1.277928 | F11: 0.242624 | G11: 0.561491 | H11: 0.658501 | I11: 0.760225 | J11: 1.444385 | K11: 1.405127 | M11: =B11*M$4 -> 355575.23 | N11: =C11*N$4 -> 20381857 | O11: =D11*O$4 -> 668707.32 | P11: =E11*P$4 -> 3550288.5 | Q11: =F11*Q$4 -> 3782799.3 | R11: =G11*R$4 -> 2759537.4 | S11: =H11*S$4 -> 897859.53 | T11: =I11*T$4 -> 1624555.2 | ... V11: =K11*V$4 -> 2775870.5 | X11: 2136940 | Y11: 2660253.1 | Z11: 2083210.9 | AA11: 2583130.9 | AB11: 2825124.4 | AC11: 2067955.3 | AD11: 1521657.3 | AE11: 1624555.2 | AF11: 1544105.8 | AG11: 1414318.8 | AH11: 1305638.3 | AI11: 813131.31 | AJ11: 516919.38 | AK11: 436598.21 | AL11: 669578.09 | AM11: 1056394.2 | AN11: 1002190.7 | AO11: 905406.52 | AP11: 1099483.4 | AQ11: 1970538.6 | AR11: 2853338.5 | AS11: 2443469.1 | AT11: 3450339.7 | AU11: 2777447.2 | AV11: 2400255.9 | AW11: 2072301.8 | AX11: 2785817.6 | AY11: 2444118.7 | AZ11: 2015734.9 | BA11: 2787888.3 | BB11: 2100936.8 | BC11: 1829819 | BD11: 2535466.5 | BE11: 3130151.2 | BF11: 2542633.8 | BG11: 3428030 | BH11: 3328807.6 | BI11: 4009914.5 | BJ11: 3149511.9 | BK11: 3955657.6 | BL11: 2982027.1 | BM11: 3021793.4 | BN11: 3511015.9 | BO11: 2637640 | BP11: 3380942.5 | BQ11: 3960918.7 | BR11: 4553936.7 | BS11: 5237088.6 | BT11: 5793643.9 | BU11: 6420934.1 | BV11: 4921422 | BW11: 4925022.7
A12: 1972 | B12: 1.213465 | C12: 2.243869 | D12: 0.181049 | E12: 1.221228 | F12: 0.222086 | G12: 0.526488 | H12: 0.606133 | I12: 0.722578 | J12: 1.384325 | K12: 1.369057 | M12: =B12*M$4 -> 391881.24 | N12: =C12*N$4 -> 21123267 | O12: =D12*O$4 -> 542216.41 | P12: =E12*P$4 -> 3392766.8 | Q12: =F12*Q$4 -> 3462587.2 | R12: =G12*R$4 -> 2587509.5 | S12: =H12*S$4 -> 826456.28 | T12: =I12*T$4 -> 1544105.8 | ... V12: =K12*V$4 -> 2704613.2 | X12: 328326 | Y12: 416363.99 | Z12: 498347.32 | AA12: 526760.65 | AB12: 520343.85 | AC12: 506043.28 | AD12: 491106.75 | AE12: 474229.15 | AF12: 454509.89 | AG12: 433377.19 | AH12: 412889.97 | AI12: 391450.94 | AJ12: 370987.04 | AK12: 351422.09 | AL12: 334103.55 | AM12: 315694.31 | AN12: 297632.77 | AO12: 280653.39 | AP12: 264353.65 | AQ12: 249767.44 | AR12: 234390.95 | AS12: 220687.6 | AT12: 207122.16 | AU12: 194533.48 | AV12: 182048.23 | AW12: 172028.38 | AX12: 168231.62 | AY12: 166942.61 | AZ12: 165988.82 | BA12: 163231.21 | BB12: 160451.6 | BC12: 159474.18 | BD12: 159976.84 | BE12: 160129.19 | BF12: 159444.96 | BG12: 161306.89 | BH12: 163833.03 | BI12: 167240.73 | BJ12: 171958.77 | BK12: 177189.66 | BL12: 181711.7 | BM12: 184928.31 | BN12: 188439.42 | BO12: 192583.88 | BP12: 196685.66 | BQ12: 200432.84 | BR12: 202392.62 | BS12: 205102.3 | BT12: 207425.2 | BU12: 210427.74 | BV12: 212535.27 | BW12: 196903.34
A13: 1973 | B13: 1.30164 | C13: 2.327236 | D13: 0.158121 | E13: 1.158917 | F13: 0.205228 | G13: 0.511409 | H13: 0.561183 | I13: 0.661843 | J13: 1.31996 | K13: 1.339234 | M13: =B13*M$4 -> 420356.83 | N13: =C13*N$4 -> 21908064 | O13: =D13*O$4 -> 473550.26 | P13: =E13*P$4 -> 3219656.9 | Q13: =F13*Q$4 -> 3199750.8 | R13: =G13*R$4 -> 2513401.4 | S13: =H13*S$4 -> 765167.41 | T13: =I13*T$4 -> 1414318.8 | ... V13: =K13*V$4 -> 2645696.9 | X13: 1975530 | Y13: 2403785.4 | Z13: 2681657.5 | AA13: 2854243.8 | AB13: 2900200.5 | AC13: 2889489.2 | AD13: 2831584.4 | AE13: 2775870.5 | AF13: 2704613.2 | AG13: 2645696.9 | AH13: 2556486 | AI13: 2479487.7 | AJ13: 2387586 | AK13: 2287964 | AL13: 2181433.6 | AM13: 2064768.6 | AN13: 1927560.2 | AO13: 1784435 | AP13: 1637260 | AQ13: 1504322.6 | AR13: 1384986.8 | AS13: 1271480.7 | AT13: 1160373 | AU13: 1060233.4 | AV13: 963274.35 | AW13: 889685.86 | AX13: 857137.03 | AY13: 840153.4 | AZ13: 824313.6 | BA13: 810923.46 | BB13: 798355.13 | BC13: 787918.41 | BD13: 778593.91 | BE13: 773888.2 | BF13: 768996.78 | BG13: 769640.81 | BH13: 779245.83 | BI13: 795804.73 | BJ13: 824102.22 | BK13: 859452.35 | BL13: 885189.56 | BM13: 912005.4 | BN13: 940044.1 | BO13: 965105.67 | BP13: 983163.99 | BQ13: 1008134.7 | BR13: 1026991.1 | BS13: 1050085.1 | BT13: 1072594.3 | BU13: 1102555.1 | BV13: 1127614.7 | BW13: 1120398.1
A14: 1974 | B14: 1.403024 | C14: 2.320129 | D14: 0.149889 | E14: 1.103817 | F14: 0.190465 | G14: 0.480115 | H14: 0.51589 | I14: 0.610985 | J14: 1.257561 | K14: 1.294076 | M14: =B14*M$4 -> 453098.18 | N14: =C14*N$4 -> 21841161 | O14: =D14*O$4 -> 448896.57 | P14: =E14*P$4 -> 3066580.2 | Q14: =F14*Q$4 -> 2969577.9 | R14: =G14*R$4 -> 2359602 | S14: =H14*S$4 -> 703410.86 | T14: =I14*T$4 -> 1305638.3 | ... V14: =K14*V$4 -> 2556486
A15: 1975 | B15: 1.51588 | C15: 2.353883 | D15: 0.164855 | E15: 1.048401 | F15: 0.17764 | G15: 0.453102 | H15: 0.475765 | I15: 0.380512 | J15: 1.192263 | K15: 1.2551 | M15: =B15*M$4 -> 489544.35 | N15: =C15*N$4 -> 22158913 | O15: =D15*O$4 -> 493717.65 | P15: =E15*P$4 -> 2912625.7 | Q15: =F15*Q$4 -> 2769620.8 | R15: =G15*R$4 -> 2226842.3 | S15: =H15*S$4 -> 648700.82 | T15: =I15*T$4 -> 813131.31 | ... V15: =K15*V$4 -> 2479487.7
A16: 1976 | B16: 1.631213 | C16: 2.378376 | D16: 0.132854 | E16: 0.985218 | F16: 0.164379 | G16: 0.415893 | H16: 0.42545 | I16: 0.241897 | J16: 1.129935 | K16: 1.20858 | M16: =B16*M$4 -> 526790.45 | N16: =C16*N$4 -> 22389485 | O16: =D16*O$4 -> 397879.13 | P16: =E16*P$4 -> 2737093.2 | Q16: =F16*Q$4 -> 2562865.9 | R16: =G16*R$4 -> 2043972.7 | S16: =H16*S$4 -> 580096.82 | T16: =I16*T$4 -> 516919.38 | ... V16: =K16*V$4 -> 2387586
A17: 1977 | B17: 1.747127 | C17: 2.288336 | D17: 0.113767 | E17: 0.922276 | F17: 0.151778 | G17: 0.395509 | H17: 0.379763 | I17: 0.20431 | J17: 1.070345 | K17: 1.158152 | M17: =B17*M$4 -> 564224.18 | N17: =C17*N$4 -> 21541869 | O17: =D17*O$4 -> 340716.24 | P17: =E17*P$4 -> 2562230.3 | Q17: =F17*Q$4 -> 2366401.2 | R17: =G17*R$4 -> 1943792.3 | S17: =H17*S$4 -> 517803.05 | T17: =I17*T$4 -> 436598.21 | ... V17: =K17*V$4 -> 2287964
A18: 1978 | B18: 1.86956 | C18: 2.263536 | D18: 0.223345 | E18: 0.87213 | F18: 0.140734 | G18: 0.364691 | H18: 0.335953 | I18: 0.313335 | J18: 1.017597 | K18: 1.104227 | M18: =B18*M$4 -> 603763.18 | N18: =C18*N$4 -> 21308407 | O18: =D18*O$4 -> 668887.01 | P18: =E18*P$4 -> 2422916.7 | Q18: =F18*Q$4 -> 2194211.9 | R18: =G18*R$4 -> 1792332.3 | S18: =H18*S$4 -> 458068.56 | T18: =I18*T$4 -> 669578.09 | ... V18: =K18*V$4 -> 2181433.6
A19: 1979 | B19: 1.994501 | C19: 2.242114 | D19: 0.34849 | E19: 0.809227 | F19: 0.128722 | G19: 0.337588 | H19: 0.303848 | I19: 0.494349 | J19: 0.961527 | K19: 1.045172 | M19: =B19*M$4 -> 644112.13 | N19: =C19*N$4 -> 21106746 | O19: =D19*O$4 -> 1043678.8 | P19: =E19*P$4 -> 2248162.1 | Q19: =F19*Q$4 -> 2006930.4 | R19: =G19*R$4 -> 1659130.2 | S19: =H19*S$4 -> 414293.71 | T19: =I19*T$4 -> 1056394.2 | ... V19: =K19*V$4 -> 2064768.6
A20: 1980 | B20: 2.122365 | C20: 2.098353 | D20: 0.45181 | E20: 0.747409 | F20: 0.118132 | G20: 0.305176 | H20: 0.276979 | I20: 0.468984 | J20: 0.906516 | K20: 0.975718 | M20: =B20*M$4 -> 685405.04 | N20: =C20*N$4 -> 19753413 | O20: =D20*O$4 -> 1353107.7 | P20: =E20*P$4 -> 2076421.8 | Q20: =F20*Q$4 -> 1841819.6 | R20: =G20*R$4 -> 1499836.3 | S20: =H20*S$4 -> 377658.1 | T20: =I20*T$4 -> 1002190.7 | ... V20: =K20*V$4 -> 1927560.2
A21: 1981 | B21: 2.221018 | C21: 2.025594 | D21: 0.510516 | E21: 0.696308 | F21: 0.108128 | G21: 0.27196 | H21: 0.236196 | I21: 0.423693 | J21: 0.854801 | K21: 0.903269 | M21: =B21*M$4 -> 717264.44 | N21: =C21*N$4 -> 19068476 | O21: =D21*O$4 -> 1528923.9 | P21: =E21*P$4 -> 1934455 | Q21: =F21*Q$4 -> 1685845.3 | R21: =G21*R$4 -> 1336590.9 | S21: =H21*S$4 -> 322050.88 | T21: =I21*T$4 -> 905406.52 | ... V21: =K21*V$4 -> 1784435
A22: 1982 | B22: 2.306314 | C22: 1.947833 | D22: 0.555231 | E22: 0.651381 | F22: 0.097447 | G22: 0.248273 | H22: 0.222538 | I22: 0.514513 | J22: 0.805156 | K22: 0.82877 | M22: =B22*M$4 -> 744810.27 | N22: =C22*N$4 -> 18336452 | O22: =D22*O$4 -> 1662839.1 | P22: =E22*P$4 -> 1809640.6 | Q22: =F22*Q$4 -> 1519315.7 | R22: =G22*R$4 -> 1220177.4 | S22: =H22*S$4 -> 303428.34 | T22: =I22*T$4 -> 1099483.4 | ... V22: =K22*V$4 -> 1637260
A23: 1983 | B23: 2.37586 | C23: 1.800156 | D23: 0.724208 | E23: 0.605589 | F23: 0.086335 | G23: 0.223673 | H23: 0.217015 | I23: 0.922131 | J23: 0.76073 | K23: 0.761478 | M23: =B23*M$4 -> 767269.73 | N23: =C23*N$4 -> 16946255 | O23: =D23*O$4 -> 2168901.6 | P23: =E23*P$4 -> 1682423.1 | Q23: =F23*Q$4 -> 1346066.3 | R23: =G23*R$4 -> 1099276.7 | S23: =H23*S$4 -> 295897.78 | T23: =I23*T$4 -> 1970538.6 | ... V23: =K23*V$4 -> 1504322.6
A24: 1984 | B24: 2.445412 | C24: 1.708712 | D24: 0.716814 | E24: 0.563541 | F24: 0.074828 | G24: 0.198225 | H24: 0.203316 | I24: 1.335245 | J24: 0.713897 | K24: 0.701071 | M24: =B24*M$4 -> 789731.13 | N24: =C24*N$4 -> 16085422 | O24: =D24*O$4 -> 2146757.6 | P24: =E24*P$4 -> 1565607.1 | Q24: =F24*Q$4 -> 1166658.3 | R24: =G24*R$4 -> 974208.48 | S24: =H24*S$4 -> 277219.33 | T24: =I24*T$4 -> 2853338.5 | ... V24: =K24*V$4 -> 1384986.8
A25: 1985 | B25: 3.034442 | C25: 1.650682 | D25: 0.704627 | E25: 0.530105 | F25: 0.065436 | G25: 0.175895 | H25: 0.178453 | I25: 1.143443 | J25: 0.67216 | K25: 0.643615 | M25: =B25*M$4 -> 979954.84 | N25: =C25*N$4 -> 15539141 | O25: =D25*O$4 -> 2110259.2 | P25: =E25*P$4 -> 1472716.5 | Q25: =F25*Q$4 -> 1020225.8 | R25: =G25*R$4 -> 864464.12 | S25: =H25*S$4 -> 243318.88 | T25: =I25*T$4 -> 2443469.1 | ... V25: =K25*V$4 -> 1271480.7
... A55: 2014.14 | B55: 3.524779 | C55: 0.824423 | D55: 0.368222 | E55: 0.483101 | F55: 0.055022 | G55: 0.16964 | H55: 0.181986 | I55: 2.304708 | J55: 0.599719 | K55: 0.567138 | M55: =B55*M$4 -> 1138306.2 | N55: =C55*N$4 -> 7760928.5 | O55: =D55*O$4 -> 1102773.3 | P55: =E55*P$4 -> 1342131.9 | Q55: =F55*Q$4 -> 857859.01 | R55: =G55*R$4 -> 833722.92 | S55: =H55*S$4 -> 248136.09 | T55: =I55*T$4 -> 4925022.7 | ... V55: =K55*V$4 -> 1120398.1
B56: SHB | C56: SSK | D56: FPS | E56: FDS | F56: FDO | G56: FDF | H56: FVB | I56: FPL | J56: FDC | K56: FBP

Sheet biomass SAs
B1: Dogfish, Kt | D1: Table | E1: B16. | F1: GB Haddock SSB and Jan1B
A2: 1968 | B2: 153.3 | D2: Year | E2: SSB | F2: 41275 | G2: Biomass
A3: 1969 | B3: 97.3 | D3: 1960 | E3: 137525 | F3: 261928
A4: 1970 | B4: 72.9 | D4: 1961 | E4: 171975 | F4: 266177
A5: 1971 | B5: 134.2 | D5: 1962 | E5: 179431 | F5: 246772
A6: 1972 | B6: 274.1 | D6: 1963 | E6: 163737 | F6: 290348 | H6: Atlantis
A7: 1973 | B7: 346.5 | D7: 1964 | E7: 167402 | F7: 447882 | H7: 15591200
A8: 1974 | B8: 404.1 | D8: 1965 | E8: 217565 | F8: 427380 | H8: 8445581.5
A9: 1975 | B9: 234 | D9: 1966 | E9: 186839 | F9: 265251 | H9: 6883639.5
A10: 1976 | B10: 218.3 | D10: 1967 | E10: 106435 | F10: 137889 | H10: 5918856.1
A11: 1977 | B11: 145.9 | D11: 1968 | E11: 71846 | F11: 91654 | H11: 5222288
A12: 1978 | B12: 219.8 | D12: 1969 | E12: 47766 | F12: 57663 | H12: 4622572.5
A13: 1979 | B13: 72.7 | D13: 1970 | E13: 34913 | F13: 43090 | H13: 4177272.3
A14: 1980 | B14: 292.4 | D14: 1971 | E14: 24771 | F14: 31422 | H14: 3782799.3
A15: 1981 | B15: 399.5 | D15: 1972 | E15: 23222 | F15: 30466 | H15: 3462587.2
A16: 1982 | B16: 694.6 | D16: 1973 | E16: 15889 | F16: 29102 | H16: 3199750.8
A17: 1983 | B17: 250.1 | D17: 1974 | E17: 29695 | F17: 44728 | H17: 2969577.9
A18: 1984 | B18: 264.9 | D18: 1975 | E18: 22061 | F18: 32703 | H18: 2769620.8
... A42: 2008 | B42: 657.4 | D42: 1999 | E42: 59528 | F42: 94876 | H42: 258782.74
A43: 2009* | B43: 557.9 | D43: 2000 | E43: 73600 | F43: 105017 | H43: 259546.71
D44: 2001 | E44: 87872 | F44: 122822 | H44: 276478.75
D45: 2002 | E45: 100258 | F45: 134118 | H45: 302874.65
D46: 2003 | E46: 119310 | F46: 136169 | H46: 346545.6
D47: 2004 | E47: 108126 | F47: 170384 | H47: 394847.14
D48: 2005 | E48: 126290 | F48: 202093 | H48: 433622.45
D49: 2006 | E49: 225173 | F49: 262027 | H49: 482953.01
D50: 2007 | E50: 252065 | F50: 275473 | H50: 538099.09
D51: 2008 | E51: 238744 | F51: 260918 | H51: 594398.91
D52: 2009 | E52: 210557 | F52: 232338 | H52: 654471.8
D53: 2010 | E53: 167279 | F53: 185601 | H53: 713936.64
D54: 2011 | F54: 301991.05 | H54: 745711.5
H55: 788509.35
H56: 842049.53
H57: 878392.62
H58: 857859.01

Sheet catch Atlantis
B1: spinydog | C1: winterskate | D1: Aherring | E1: Acod | F1: haddock | G1: yellowtailfl | H1: winterfl | I1: Amackerel | J1: Sea raven | K1: Sandlance | M1: scale | N1: 1
B2: Spiny Dogfish | C2: Skates and rays | D2: Herring | E2: Cod | F2: Haddock | G2: YT | H2: Other demersal flatfish | I2: Mackerel | J2: Other demersals | K2: Other pelagics | M2: catch/bio | X2: catch
A3: Year | B3: SHB | C3: SSK | D3: FPS | E3: FDS | F3: FDO | G3: FDF | H3: FVB | I3: FPL | J3: FDC | K3: FBP | M3: spinydog | N3: winterskate | O3: Aherring | P3: Acod | Q3: haddock | R3: yellowtailfl | S3: winterfl | T3: Amackerel | U3: Sea raven | V3: Sandlance | X3: spinydog | Y3: winterskate | Z3: Aherring | AA3: Acod | AB3: haddock | AC3: yellowtailfl | AD3: winterfl | AE3: Amackerel | AF3: Sea raven | AG3: Sandlance | AI3: 363.82489 | AJ3: 363.82489 | AK3: 382.0608 | AL3: 369.60931 | AM3: 434.65034 | AN3: 404.80209 | AO3: 450.56642 | AP3: 472.46796 | AQ3: 520.45974 | AR3: 589.58914 | AS3: 708.99684 | AT3: 786.78939 | AU3: 881.68898 | AV3: 1052.6269 | AW3: 1153.9554 | AX3: 1279.3766 | AY3: 1446.3901 | AZ3: 1602.7156 | BA3: 1706.1991 | BB3: 1799.8479 | BC3: 1881.8771 | BD3: 1971.0831 | BE3: 2335.857 | BF3: 2373.1879 | BG3: 2373.6759 | BH3: 2501.8112 | BI3: 2536.6546 | BJ3: 2700.2659 | BK3: 2944.7882 | BL3: 2932.5933 | BM3: 2795.1587 | BN3: 2789.8493 | BO3: 2868.7518 | BP3: 2733.9278 | BQ3: 2861.046 | BR3: 2885.6726 | BS3: 2971.1191 | BT3: 2939.5122 | BU3: 2873.086 | BV3: 2905.8942 | BW3: 2770.5026 | BX3: 3222.8973 | BY3: 3693.1138 | BZ3: 4137.1734 | CA3: 4343.8839 | CB3: 4059.6358 | CC3: 3797.9764 | CD3: 3870.8887 | CE3: 3822.2195 | CF3: 3678.5926 | CG3: 3957.6527
A4: 1964 | B4: 0 | C4: 0 | D4: 0 | E4: 0 | F4: 0 | G4: 0 | H4: 0 | I4: 0 | J4: 0 | K4: 0 | M4: =B4*$N$1/'biomass Atlantis'!M4 -> 0 | N4: =C4*$N$1/'biomass Atlantis'!N4 -> 0 | O4: =D4*$N$1/'biomass Atlantis'!O4 -> 0 | P4: =E4*$N$1/'biomass Atlantis'!P4 -> 0 | Q4: =F4*$N$1/'biomass Atlantis'!Q4 -> 0 | R4: =G4*$N$1/'biomass Atlantis'!R4 -> 0 | S4: =H4*$N$1/'biomass Atlantis'!S4 -> 0 | T4: =I4*$N$1/'biomass Atlantis'!T4 -> 0 | ... V4: =K4*$N$1/'biomass Atlantis'!V4 -> 0 | X4: =B4*$N$1 -> 0 | Y4: =C4*$N$1 -> 0 | Z4: =D4*$N$1 -> 0 | AA4: =E4*$N$1 -> 0 | AB4: =F4*$N$1 -> 0 | AC4: =G4*$N$1 -> 0 | AD4: =H4*$N$1 -> 0 | AE4: =I4*$N$1 -> 0 | ... AG4: =K4*$N$1 -> 0 | AI4: 2156.8743 | AJ4: 2156.8743 | AK4: 2272.0033 | AL4: 2415.8337 | AM4: 2629.4383 | AN4: 2948.8153 | AO4: 3353.6251 | AP4: 3775.1407 | AQ4: 4190.7824 | AR4: 4678.7824 | AS4: 5148.3284 | AT4: 5571.3213 | AU4: 6130.0857 | AV4: 6646.9508 | AW4: 7046.4261 | AX4: 7586.0498 | AY4: 8037.6786 | AZ4: 8124.4333 | BA4: 8341.2514 | BB4: 8465.6323 | BC4: 8379.3062 | BD4: 8412.4726 | BE4: 8625.7778 | BF4: 8478.5393 | BG4: 8545.4085 | BH4: 8437.0611 | BI4: 7837.0772 | BJ4: 7460.6613 | BK4: 7225.8902 | BL4: 7001.0643 | BM4: 6764.8845 | BN4: 6620.3073 | BO4: 6497.6742 | BP4: 6273.5931 | BQ4: 6166.3686 | BR4: 5901.3353 | BS4: 5642.9171 | BT4: 5349.5453 | BU4: 5077.5734 | BV4: 4844.8994 | BW4: 4718.1857 | BX4: 4612.315 | BY4: 4489.5528 | BZ4: 4382.6154 | CA4: 4249.1755 | CB4: 4194.1054 | CC4: 4149.3931 | CD4: 4109.6048 | CE4: 4049.1942 | CF4: 3994.5309 | CG4: 3982.5566
